design,sigma,scale,error_law,n_total,n_fit,n_val,replication,data_seed,fit_seed,epoch,theta_hat_1,theta_hat_2,error_theta1,error_theta2,train_check_loss,val_check_loss,mean_sigma,hetero_ratio,p10_sigma,p90_sigma
mild_s1_t3,mild_prior,1.0,t3,400,320,80,1,263919738,263919755,10,0.7544708251953125,0.07318586856126785,-0.2455291748046875,1.0731858685612679,0.50257807970047,0.5292607545852661,0.6426437036332828,2.8886890715844897,0.33312426254254757,0.9622924166862996
mild_s1_t3,mild_prior,1.0,t3,400,320,80,1,263919738,263919755,20,0.7686813473701477,0.0036440847907215357,-0.2313186526298523,1.0036440847907215,0.41706822514534,0.48715323209762573,0.6426437036332828,2.8886890715844897,0.33312426254254757,0.9622924166862996
mild_s1_t3,mild_prior,1.0,t3,400,320,80,1,263919738,263919755,40,0.7817149758338928,-0.15486687421798706,-0.21828502416610718,0.8451331257820129,0.374713534116745,0.48112449049949646,0.6426437036332828,2.8886890715844897,0.33312426254254757,0.9622924166862996
mild_s1_t3,mild_prior,1.0,t3,400,320,80,1,263919738,263919755,60,0.7969279289245605,-0.2769208550453186,-0.20307207107543945,0.7230791449546814,0.3340322136878967,0.48697128891944885,0.6426437036332828,2.8886890715844897,0.33312426254254757,0.9622924166862996
mild_s1_t3,mild_prior,1.0,t3,400,320,80,1,263919738,263919755,80,0.7777864933013916,-0.38255152106285095,-0.2222135066986084,0.617448478937149,0.28492624759674073,0.5041878819465637,0.6426437036332828,2.8886890715844897,0.33312426254254757,0.9622924166862996
mild_s1_t3,mild_prior,1.0,t3,400,320,80,1,263919738,263919755,100,0.7458455562591553,-0.4547801613807678,-0.2541544437408447,0.5452198386192322,0.2562359690666199,0.527483344078064,0.6426437036332828,2.8886890715844897,0.33312426254254757,0.9622924166862996
mild_s1_t3,mild_prior,1.0,t3,400,320,80,2,365918163,365918180,10,0.7776402831077576,0.09211067855358124,-0.22235971689224243,1.0921106785535812,0.5659276127815247,0.5301834344863892,0.6676799841142435,3.0090582330014426,0.33237539144656847,1.000136908079374
mild_s1_t3,mild_prior,1.0,t3,400,320,80,2,365918163,365918180,20,0.806136429309845,0.02598598226904869,-0.19386357069015503,1.0259859822690487,0.43866920471191406,0.4345586895942688,0.6676799841142435,3.0090582330014426,0.33237539144656847,1.000136908079374
mild_s1_t3,mild_prior,1.0,t3,400,320,80,2,365918163,365918180,40,0.8733755946159363,-0.12947174906730652,-0.12662440538406372,0.8705282509326935,0.3715739190578461,0.42374905943870544,0.6676799841142435,3.0090582330014426,0.33237539144656847,1.000136908079374
mild_s1_t3,mild_prior,1.0,t3,400,320,80,2,365918163,365918180,60,0.9631472229957581,-0.2595670521259308,-0.03685277700424194,0.7404329478740692,0.3337559401988983,0.430219829082489,0.6676799841142435,3.0090582330014426,0.33237539144656847,1.000136908079374
mild_s1_t3,mild_prior,1.0,t3,400,320,80,2,365918163,365918180,80,1.0112181901931763,-0.3643712103366852,0.01121819019317627,0.6356287896633148,0.3036783695220947,0.42803043127059937,0.6676799841142435,3.0090582330014426,0.33237539144656847,1.000136908079374
mild_s1_t3,mild_prior,1.0,t3,400,320,80,2,365918163,365918180,100,1.0514862537384033,-0.43786323070526123,0.05148625373840332,0.5621367692947388,0.2756479024887085,0.4281851649284363,0.6676799841142435,3.0090582330014426,0.33237539144656847,1.000136908079374
mild_s1_t3,mild_prior,1.0,t3,400,320,80,3,467916588,467916605,10,0.7717106342315674,0.07033015787601471,-0.22828936576843262,1.0703301578760147,0.48586645126342776,0.5999158024787903,0.6651699743679503,2.9846870161892265,0.33362494365000167,0.9957660375890223
mild_s1_t3,mild_prior,1.0,t3,400,320,80,3,467916588,467916605,20,0.7993919253349304,0.003983381669968367,-0.20060807466506958,1.0039833816699684,0.3956327855587006,0.47283416986465454,0.6651699743679503,2.9846870161892265,0.33362494365000167,0.9957660375890223
mild_s1_t3,mild_prior,1.0,t3,400,320,80,3,467916588,467916605,40,0.8564895987510681,-0.1346631944179535,-0.14351040124893188,0.8653368055820465,0.3481177628040314,0.46377483010292053,0.6651699743679503,2.9846870161892265,0.33362494365000167,0.9957660375890223
mild_s1_t3,mild_prior,1.0,t3,400,320,80,3,467916588,467916605,60,0.915463387966156,-0.27351850271224976,-0.084536612033844,0.7264814972877502,0.3020168006420135,0.46502000093460083,0.6651699743679503,2.9846870161892265,0.33362494365000167,0.9957660375890223
mild_s1_t3,mild_prior,1.0,t3,400,320,80,3,467916588,467916605,80,0.9520008563995361,-0.3758184015750885,-0.04799914360046387,0.6241815984249115,0.27431097328662873,0.47237834334373474,0.6651699743679503,2.9846870161892265,0.33362494365000167,0.9957660375890223
mild_s1_t3,mild_prior,1.0,t3,400,320,80,3,467916588,467916605,100,0.9803641438484192,-0.4535363018512726,-0.01963585615158081,0.5464636981487274,0.24344381988048552,0.4787817597389221,0.6651699743679503,2.9846870161892265,0.33362494365000167,0.9957660375890223
paper6_s1_t3,paper_case6,1.0,t3,400,320,80,1,523351445,523351462,10,-0.47479692101478577,0.03478141874074936,-1.4747969210147858,1.0347814187407494,1.1654071807861328,1.043365716934204,1.995238998865775,4.514883138466762,0.7383719049607269,3.333662863624768
paper6_s1_t3,paper_case6,1.0,t3,400,320,80,1,523351445,523351462,20,-0.4269874095916748,-0.010776862502098083,-1.4269874095916748,0.9892231374979019,1.0845422267913818,1.0401551723480225,1.995238998865775,4.514883138466762,0.7383719049607269,3.333662863624768
paper6_s1_t3,paper_case6,1.0,t3,400,320,80,1,523351445,523351462,40,-0.3191271424293518,-0.1074136272072792,-1.3191271424293518,0.8925863727927208,1.029777956008911,1.0421019792556763,1.995238998865775,4.514883138466762,0.7383719049607269,3.333662863624768
paper6_s1_t3,paper_case6,1.0,t3,400,320,80,1,523351445,523351462,60,-0.2220376878976822,-0.20454758405685425,-1.2220376878976822,0.7954524159431458,0.9716814756393433,1.0477100610733032,1.995238998865775,4.514883138466762,0.7383719049607269,3.333662863624768
paper6_s1_t3,paper_case6,1.0,t3,400,320,80,1,523351445,523351462,80,-0.15418921411037445,-0.2958065867424011,-1.1541892141103745,0.7041934132575989,0.8974646806716919,1.0473437309265137,1.995238998865775,4.514883138466762,0.7383719049607269,3.333662863624768
paper6_s1_t3,paper_case6,1.0,t3,400,320,80,1,523351445,523351462,100,-0.10118851065635681,-0.3368397057056427,-1.1011885106563568,0.6631602942943573,0.8346710920333862,1.0592607259750366,1.995238998865775,4.514883138466762,0.7383719049607269,3.333662863624768
paper6_s1_t3,paper_case6,1.0,t3,400,320,80,2,275838567,275838584,10,-0.19993840157985687,-0.16151726245880127,-1.1999384015798569,0.8384827375411987,1.2627477645874023,1.05501127243042,2.0647709851617724,4.017278825693555,0.8326564438146329,3.3450131008138206
paper6_s1_t3,paper_case6,1.0,t3,400,320,80,2,275838567,275838584,20,-0.14030280709266663,-0.206654354929924,-1.1403028070926666,0.793345645070076,1.1360453844070435,1.0193989276885986,2.0647709851617724,4.017278825693555,0.8326564438146329,3.3450131008138206
paper6_s1_t3,paper_case6,1.0,t3,400,320,80,2,275838567,275838584,40,-0.01846894808113575,-0.31109243631362915,-1.0184689480811357,0.6889075636863708,1.0272730112075805,1.0693342685699463,2.0647709851617724,4.017278825693555,0.8326564438146329,3.3450131008138206
paper6_s1_t3,paper_case6,1.0,t3,400,320,80,2,275838567,275838584,60,0.07050197571516037,-0.41582152247428894,-0.9294980242848396,0.5841784775257111,0.9363928198814392,1.114043951034546,2.0647709851617724,4.017278825693555,0.8326564438146329,3.3450131008138206
paper6_s1_t3,paper_case6,1.0,t3,400,320,80,2,275838567,275838584,80,0.12980155646800995,-0.5022282600402832,-0.87019844353199,0.4977717399597168,0.8493476986885071,1.185654640197754,2.0647709851617724,4.017278825693555,0.8326564438146329,3.3450131008138206
paper6_s1_t3,paper_case6,1.0,t3,400,320,80,2,275838567,275838584,100,0.20664291083812714,-0.5536685585975647,-0.7933570891618729,0.4463314414024353,0.7790852189064026,1.2326595783233643,2.0647709851617724,4.017278825693555,0.8326564438146329,3.3450131008138206
paper6_s1_t3,paper_case6,1.0,t3,400,320,80,3,668285376,668285393,10,-0.19806361198425293,0.5349952578544617,-1.198063611984253,1.5349952578544617,1.3308666706085206,0.9636985063552856,2.027154829218828,4.941741275406716,0.6702025820342532,3.311967762522824
paper6_s1_t3,paper_case6,1.0,t3,400,320,80,3,668285376,668285393,20,-0.13216674327850342,0.45651715993881226,-1.1321667432785034,1.4565171599388123,1.2694386482238769,0.9230846166610718,2.027154829218828,4.941741275406716,0.6702025820342532,3.311967762522824
paper6_s1_t3,paper_case6,1.0,t3,400,320,80,3,668285376,668285393,40,0.042370956391096115,0.27862173318862915,-0.9576290436089039,1.2786217331886292,1.1490116357803344,0.9109740257263184,2.027154829218828,4.941741275406716,0.6702025820342532,3.311967762522824
paper6_s1_t3,paper_case6,1.0,t3,400,320,80,3,668285376,668285393,60,0.19733960926532745,0.12662428617477417,-0.8026603907346725,1.1266242861747742,1.0056748867034913,0.9923428297042847,2.027154829218828,4.941741275406716,0.6702025820342532,3.311967762522824
paper6_s1_t3,paper_case6,1.0,t3,400,320,80,3,668285376,668285393,80,0.35386863350868225,-0.0321049839258194,-0.6461313664913177,0.9678950160741806,0.87724289894104,1.084063172340393,2.027154829218828,4.941741275406716,0.6702025820342532,3.311967762522824
paper6_s1_t3,paper_case6,1.0,t3,400,320,80,3,668285376,668285393,100,0.46829602122306824,-0.1606428325176239,-0.5317039787769318,0.8393571674823761,0.7946936845779419,1.1967096328735352,2.027154829218828,4.941741275406716,0.6702025820342532,3.311967762522824
paper6_s10_t3,paper_case6,10.0,t3,400,320,80,1,1019446170,1019446187,10,-0.3806582987308502,0.4980498254299164,-1.3806582987308502,1.4980498254299164,12.536763381958007,11.791322708129883,20.073624071047384,4.105285434258189,7.814434891442837,32.080485736799254
paper6_s10_t3,paper_case6,10.0,t3,400,320,80,1,1019446170,1019446187,20,-0.35392993688583374,0.4525589942932129,-1.3539299368858337,1.452558994293213,12.3894287109375,11.828970909118652,20.073624071047384,4.105285434258189,7.814434891442837,32.080485736799254
paper6_s10_t3,paper_case6,10.0,t3,400,320,80,1,1019446170,1019446187,40,-0.35321682691574097,0.4727919101715088,-1.353216826915741,1.4727919101715088,11.514625930786133,12.368104934692383,20.073624071047384,4.105285434258189,7.814434891442837,32.080485736799254
paper6_s10_t3,paper_case6,10.0,t3,400,320,80,1,1019446170,1019446187,60,-0.30707377195358276,0.5266740322113037,-1.3070737719535828,1.5266740322113037,10.786686897277832,12.760503768920898,20.073624071047384,4.105285434258189,7.814434891442837,32.080485736799254
paper6_s10_t3,paper_case6,10.0,t3,400,320,80,1,1019446170,1019446187,80,-0.2118852287530899,0.5913258194923401,-1.21188522875309,1.59132581949234,10.114384841918945,12.872715950012207,20.073624071047384,4.105285434258189,7.814434891442837,32.080485736799254
paper6_s10_t3,paper_case6,10.0,t3,400,320,80,1,1019446170,1019446187,100,-0.18495427072048187,0.6371921300888062,-1.1849542707204819,1.6371921300888062,9.636514949798585,13.781633377075195,20.073624071047384,4.105285434258189,7.814434891442837,32.080485736799254
paper6_s10_t3,paper_case6,10.0,t3,400,320,80,2,756301420,756301437,10,0.5742393732070923,-0.5644843578338623,-0.4257606267929077,0.4355156421661377,10.463447189331054,11.510058403015137,20.059750617775702,4.647638289725343,7.131875404556861,33.146377207768886
paper6_s10_t3,paper_case6,10.0,t3,400,320,80,2,756301420,756301437,20,0.48749732971191406,-0.6070892810821533,-0.5125026702880859,0.3929107189178467,10.403360557556152,11.48597526550293,20.059750617775702,4.647638289725343,7.131875404556861,33.146377207768886
paper6_s10_t3,paper_case6,10.0,t3,400,320,80,2,756301420,756301437,40,0.3350915014743805,-0.6854339838027954,-0.6649084985256195,0.3145660161972046,9.647483444213867,11.274017333984375,20.059750617775702,4.647638289725343,7.131875404556861,33.146377207768886
paper6_s10_t3,paper_case6,10.0,t3,400,320,80,2,756301420,756301437,60,0.1957225650548935,-0.7791608572006226,-0.8042774349451065,0.22083914279937744,8.62180700302124,12.066621780395508,20.059750617775702,4.647638289725343,7.131875404556861,33.146377207768886
paper6_s10_t3,paper_case6,10.0,t3,400,320,80,2,756301420,756301437,80,0.1036587655544281,-0.888740062713623,-0.8963412344455719,0.11125993728637695,7.899907970428467,12.055596351623535,20.059750617775702,4.647638289725343,7.131875404556861,33.146377207768886
paper6_s10_t3,paper_case6,10.0,t3,400,320,80,2,756301420,756301437,100,-0.002616310492157936,-0.993061363697052,-1.002616310492158,0.006938636302947998,7.120448398590088,12.394535064697266,20.059750617775702,4.647638289725343,7.131875404556861,33.146377207768886
paper6_s10_t3,paper_case6,10.0,t3,400,320,80,3,148748229,148748246,10,-0.24073222279548645,0.48304060101509094,-1.2407322227954865,1.483040601015091,9.81843090057373,10.061124801635742,19.56988397777854,4.977902226487715,6.527655910982907,32.49403289302751
paper6_s10_t3,paper_case6,10.0,t3,400,320,80,3,148748229,148748246,20,-0.23038727045059204,0.5122153162956238,-1.230387270450592,1.5122153162956238,9.532367134094239,9.947946548461914,19.56988397777854,4.977902226487715,6.527655910982907,32.49403289302751
paper6_s10_t3,paper_case6,10.0,t3,400,320,80,3,148748229,148748246,40,-0.16146664321422577,0.7003127336502075,-1.1614666432142258,1.7003127336502075,8.885784244537353,10.186975479125977,19.56988397777854,4.977902226487715,6.527655910982907,32.49403289302751
paper6_s10_t3,paper_case6,10.0,t3,400,320,80,3,148748229,148748246,60,-0.11364538967609406,0.8888888955116272,-1.113645389676094,1.8888888955116272,8.254152965545654,10.350481033325195,19.56988397777854,4.977902226487715,6.527655910982907,32.49403289302751
paper6_s10_t3,paper_case6,10.0,t3,400,320,80,3,148748229,148748246,80,-0.15445515513420105,1.0162901878356934,-1.154455155134201,2.0162901878356934,7.786664772033691,10.278605461120605,19.56988397777854,4.977902226487715,6.527655910982907,32.49403289302751
paper6_s10_t3,paper_case6,10.0,t3,400,320,80,3,148748229,148748246,100,-0.18658208847045898,1.1289557218551636,-1.186582088470459,2.1289557218551636,7.282877445220947,10.254475593566895,19.56988397777854,4.977902226487715,6.527655910982907,32.49403289302751
paper4_s10_t3,paper_case4,10.0,t3,400,320,80,1,700833360,700833377,10,0.03582068532705307,0.14325375854969025,-0.9641793146729469,1.1432537585496902,10.299011039733887,11.225334167480469,18.876241885602084,3.90003282297634,7.78853557404776,30.375544381705133
paper4_s10_t3,paper_case4,10.0,t3,400,320,80,1,700833360,700833377,20,0.10270313918590546,0.1755499541759491,-0.8972968608140945,1.175549954175949,10.21400318145752,11.136611938476562,18.876241885602084,3.90003282297634,7.78853557404776,30.375544381705133
paper4_s10_t3,paper_case4,10.0,t3,400,320,80,1,700833360,700833377,40,0.14983808994293213,0.16085246205329895,-0.8501619100570679,1.160852462053299,9.292072105407716,10.702384948730469,18.876241885602084,3.90003282297634,7.78853557404776,30.375544381705133
paper4_s10_t3,paper_case4,10.0,t3,400,320,80,1,700833360,700833377,60,0.1391734480857849,0.0657849982380867,-0.8608265519142151,1.0657849982380867,8.312847137451172,10.97381591796875,18.876241885602084,3.90003282297634,7.78853557404776,30.375544381705133
paper4_s10_t3,paper_case4,10.0,t3,400,320,80,1,700833360,700833377,80,0.1422978937625885,-0.011286729015409946,-0.8577021062374115,0.98871327098459,7.786533641815185,11.244546890258789,18.876241885602084,3.90003282297634,7.78853557404776,30.375544381705133
paper4_s10_t3,paper_case4,10.0,t3,400,320,80,1,700833360,700833377,100,0.16335004568099976,-0.01972661167383194,-0.8366499543190002,0.9802733883261681,7.249184322357178,11.387566566467285,18.876241885602084,3.90003282297634,7.78853557404776,30.375544381705133
paper4_s10_t3,paper_case4,10.0,t3,400,320,80,2,802831785,802831802,10,0.22356989979743958,-0.09834744036197662,-0.7764301002025604,0.9016525596380234,10.277529907226562,10.839094161987305,18.76057901417086,4.057190673805029,7.290282092120142,29.578064513557653
paper4_s10_t3,paper_case4,10.0,t3,400,320,80,2,802831785,802831802,20,0.24926552176475525,-0.06755219399929047,-0.7507344782352448,0.9324478060007095,10.18545913696289,10.849902153015137,18.76057901417086,4.057190673805029,7.290282092120142,29.578064513557653
paper4_s10_t3,paper_case4,10.0,t3,400,320,80,2,802831785,802831802,40,0.31021785736083984,-0.026212291792035103,-0.6897821426391602,0.9737877082079649,9.373543739318848,11.434592247009277,18.76057901417086,4.057190673805029,7.290282092120142,29.578064513557653
paper4_s10_t3,paper_case4,10.0,t3,400,320,80,2,802831785,802831802,60,0.39240574836730957,-0.007713573519140482,-0.6075942516326904,0.9922864264808595,8.663282012939453,11.750657081604004,18.76057901417086,4.057190673805029,7.290282092120142,29.578064513557653
paper4_s10_t3,paper_case4,10.0,t3,400,320,80,2,802831785,802831802,80,0.48264947533607483,-0.037870559841394424,-0.5173505246639252,0.9621294401586056,7.988238906860351,12.139988899230957,18.76057901417086,4.057190673805029,7.290282092120142,29.578064513557653
paper4_s10_t3,paper_case4,10.0,t3,400,320,80,2,802831785,802831802,100,0.6113508939743042,-0.09149987250566483,-0.3886491060256958,0.9085001274943352,7.435376930236816,12.329845428466797,18.76057901417086,4.057190673805029,7.290282092120142,29.578064513557653
paper4_s10_t3,paper_case4,10.0,t3,400,320,80,3,920462082,920462099,10,-0.5216115117073059,0.6377434730529785,-1.521611511707306,1.6377434730529785,11.064184379577636,12.91626262664795,19.01224996856982,4.133723418165694,7.246987082003574,29.957040212022445
paper4_s10_t3,paper_case4,10.0,t3,400,320,80,3,920462082,920462099,20,-0.4862444996833801,0.629734218120575,-1.4862444996833801,1.629734218120575,10.746331787109375,12.568273544311523,19.01224996856982,4.133723418165694,7.246987082003574,29.957040212022445
paper4_s10_t3,paper_case4,10.0,t3,400,320,80,3,920462082,920462099,40,-0.5434242486953735,0.46765556931495667,-1.5434242486953735,1.4676555693149567,10.239208984375,12.61571979522705,19.01224996856982,4.133723418165694,7.246987082003574,29.957040212022445
paper4_s10_t3,paper_case4,10.0,t3,400,320,80,3,920462082,920462099,60,-0.6100327968597412,0.35194724798202515,-1.6100327968597412,1.3519472479820251,9.560618209838868,12.99303913116455,19.01224996856982,4.133723418165694,7.246987082003574,29.957040212022445
paper4_s10_t3,paper_case4,10.0,t3,400,320,80,3,920462082,920462099,80,-0.6513840556144714,0.29016950726509094,-1.6513840556144714,1.290169507265091,8.942595481872559,13.131174087524414,19.01224996856982,4.133723418165694,7.246987082003574,29.957040212022445
paper4_s10_t3,paper_case4,10.0,t3,400,320,80,3,920462082,920462099,100,-0.6518000960350037,0.27050817012786865,-1.6518000960350037,1.2705081701278687,8.36721067428589,13.50629711151123,19.01224996856982,4.133723418165694,7.246987082003574,29.957040212022445
mild_x10_s1_t3,mild_x10,1.0,t3,400,320,80,1,474920039,474920056,10,-0.6210256814956665,0.4027385115623474,-1.6210256814956665,1.4027385115623474,8.809408950805665,11.828503608703613,15.233949191624868,9.29291258674216,3.0047559428616775,27.922934321507586
mild_x10_s1_t3,mild_x10,1.0,t3,400,320,80,1,474920039,474920056,20,-0.5729267597198486,0.40803012251853943,-1.5729267597198486,1.4080301225185394,8.690959930419922,11.883742332458496,15.233949191624868,9.29291258674216,3.0047559428616775,27.922934321507586
mild_x10_s1_t3,mild_x10,1.0,t3,400,320,80,1,474920039,474920056,40,-0.5614588260650635,0.2850501239299774,-1.5614588260650635,1.2850501239299774,8.268898963928223,12.002578735351562,15.233949191624868,9.29291258674216,3.0047559428616775,27.922934321507586
mild_x10_s1_t3,mild_x10,1.0,t3,400,320,80,1,474920039,474920056,60,-0.47695282101631165,0.2070864737033844,-1.4769528210163116,1.2070864737033844,7.889609527587891,12.119192123413086,15.233949191624868,9.29291258674216,3.0047559428616775,27.922934321507586
mild_x10_s1_t3,mild_x10,1.0,t3,400,320,80,1,474920039,474920056,80,-0.4038792550563812,0.15453141927719116,-1.4038792550563812,1.1545314192771912,7.599057006835937,12.232258796691895,15.233949191624868,9.29291258674216,3.0047559428616775,27.922934321507586
mild_x10_s1_t3,mild_x10,1.0,t3,400,320,80,1,474920039,474920056,100,-0.3141120374202728,0.12979872524738312,-1.3141120374202728,1.1297987252473831,7.317792701721191,12.348173141479492,15.233949191624868,9.29291258674216,3.0047559428616775,27.922934321507586
mild_x10_s1_t3,mild_x10,1.0,t3,400,320,80,2,502223673,502223690,10,0.502505898475647,-0.5272811055183411,-0.497494101524353,0.47271889448165894,7.502177047729492,8.103859901428223,14.463223095363697,9.055013429170184,3.0836945469452672,27.922895534048262
mild_x10_s1_t3,mild_x10,1.0,t3,400,320,80,2,502223673,502223690,20,0.484956294298172,-0.4887950122356415,-0.515043705701828,0.5112049877643585,7.378282451629639,8.108195304870605,14.463223095363697,9.055013429170184,3.0836945469452672,27.922895534048262
mild_x10_s1_t3,mild_x10,1.0,t3,400,320,80,2,502223673,502223690,40,0.35128772258758545,-0.541638970375061,-0.6487122774124146,0.45836102962493896,6.974306392669678,8.141339302062988,14.463223095363697,9.055013429170184,3.0836945469452672,27.922895534048262
mild_x10_s1_t3,mild_x10,1.0,t3,400,320,80,2,502223673,502223690,60,0.2347174435853958,-0.6396961212158203,-0.7652825564146042,0.3603038787841797,6.599628067016601,8.345014572143555,14.463223095363697,9.055013429170184,3.0836945469452672,27.922895534048262
mild_x10_s1_t3,mild_x10,1.0,t3,400,320,80,2,502223673,502223690,80,0.11139065772294998,-0.7159654498100281,-0.88860934227705,0.2840345501899719,6.303105258941651,8.58891487121582,14.463223095363697,9.055013429170184,3.0836945469452672,27.922895534048262
mild_x10_s1_t3,mild_x10,1.0,t3,400,320,80,2,502223673,502223690,100,0.0623924620449543,-0.7812275290489197,-0.9376075379550457,0.21877247095108032,5.992796611785889,8.85551929473877,14.463223095363697,9.055013429170184,3.0836945469452672,27.922895534048262
mild_x10_s1_t3,mild_x10,1.0,t3,400,320,80,3,604222098,604222115,10,-0.36252573132514954,0.6749196648597717,-1.3625257313251495,1.6749196648597717,7.990870666503906,7.587801933288574,15.05828302502455,9.536516058547033,2.848216536992228,27.1620627432456
mild_x10_s1_t3,mild_x10,1.0,t3,400,320,80,3,604222098,604222115,20,-0.29248398542404175,0.6651510000228882,-1.2924839854240417,1.6651510000228882,7.821968364715576,7.715726375579834,15.05828302502455,9.536516058547033,2.848216536992228,27.1620627432456
mild_x10_s1_t3,mild_x10,1.0,t3,400,320,80,3,604222098,604222115,40,-0.2200934886932373,0.6420275568962097,-1.2200934886932373,1.6420275568962097,7.275525856018066,8.263884544372559,15.05828302502455,9.536516058547033,2.848216536992228,27.1620627432456
mild_x10_s1_t3,mild_x10,1.0,t3,400,320,80,3,604222098,604222115,60,-0.14882202446460724,0.6223772764205933,-1.1488220244646072,1.6223772764205933,6.851171588897705,8.766014099121094,15.05828302502455,9.536516058547033,2.848216536992228,27.1620627432456
mild_x10_s1_t3,mild_x10,1.0,t3,400,320,80,3,604222098,604222115,80,-0.05711560323834419,0.6243771314620972,-1.0571156032383442,1.6243771314620972,6.513001441955566,9.101625442504883,15.05828302502455,9.536516058547033,2.848216536992228,27.1620627432456
mild_x10_s1_t3,mild_x10,1.0,t3,400,320,80,3,604222098,604222115,100,0.016575748100876808,0.6036702990531921,-0.9834242518991232,1.6036702990531921,6.1304779052734375,9.350095748901367,15.05828302502455,9.536516058547033,2.848216536992228,27.1620627432456
interact_s1_t3,interaction,1.0,t3,400,320,80,1,961188247,961188264,10,0.5791821479797363,-0.22393731772899628,-0.42081785202026367,0.7760626822710037,5.839161109924317,6.267012596130371,11.00784769922964,53.15963376059792,0.58309798203114,30.99727517131911
interact_s1_t3,interaction,1.0,t3,400,320,80,1,961188247,961188264,20,0.6407062411308289,-0.2069869041442871,-0.35929375886917114,0.7930130958557129,5.69879150390625,6.311583518981934,11.00784769922964,53.15963376059792,0.58309798203114,30.99727517131911
interact_s1_t3,interaction,1.0,t3,400,320,80,1,961188247,961188264,40,0.7450366020202637,-0.2356092631816864,-0.25496339797973633,0.7643907368183136,5.453333854675293,6.523324489593506,11.00784769922964,53.15963376059792,0.58309798203114,30.99727517131911
interact_s1_t3,interaction,1.0,t3,400,320,80,1,961188247,961188264,60,0.8611854314804077,-0.18859438598155975,-0.13881456851959229,0.8114056140184402,5.268390655517578,6.622283935546875,11.00784769922964,53.15963376059792,0.58309798203114,30.99727517131911
interact_s1_t3,interaction,1.0,t3,400,320,80,1,961188247,961188264,80,1.0090632438659668,-0.13397587835788727,0.009063243865966797,0.8660241216421127,5.062273025512695,6.655886650085449,11.00784769922964,53.15963376059792,0.58309798203114,30.99727517131911
interact_s1_t3,interaction,1.0,t3,400,320,80,1,961188247,961188264,100,1.1031149625778198,-0.06189364939928055,0.10311496257781982,0.9381063506007195,4.86890287399292,6.6060590744018555,11.00784769922964,53.15963376059792,0.58309798203114,30.99727517131911
interact_s1_t3,interaction,1.0,t3,400,320,80,2,988491881,988491898,10,0.5662772059440613,-0.1525837928056717,-0.4337227940559387,0.8474162071943283,6.775824165344238,5.35478401184082,10.703068772121313,50.61497340282117,0.6052926833080937,30.63687306656142
interact_s1_t3,interaction,1.0,t3,400,320,80,2,988491881,988491898,20,0.6192066669464111,-0.2328510880470276,-0.38079333305358887,0.7671489119529724,6.682225894927979,5.320752143859863,10.703068772121313,50.61497340282117,0.6052926833080937,30.63687306656142
interact_s1_t3,interaction,1.0,t3,400,320,80,2,988491881,988491898,40,0.6468412280082703,-0.3696826994419098,-0.35315877199172974,0.6303173005580902,6.415587139129639,5.45524787902832,10.703068772121313,50.61497340282117,0.6052926833080937,30.63687306656142
interact_s1_t3,interaction,1.0,t3,400,320,80,2,988491881,988491898,60,0.6115974187850952,-0.45495155453681946,-0.3884025812149048,0.5450484454631805,5.969210529327393,6.053724765777588,10.703068772121313,50.61497340282117,0.6052926833080937,30.63687306656142
interact_s1_t3,interaction,1.0,t3,400,320,80,2,988491881,988491898,80,0.5334870219230652,-0.5057553648948669,-0.4665129780769348,0.49424463510513306,5.536913108825684,6.325335502624512,10.703068772121313,50.61497340282117,0.6052926833080937,30.63687306656142
interact_s1_t3,interaction,1.0,t3,400,320,80,2,988491881,988491898,100,0.4530791640281677,-0.5484315752983093,-0.5469208359718323,0.4515684247016907,5.1099974632263185,6.528658866882324,10.703068772121313,50.61497340282117,0.6052926833080937,30.63687306656142
interact_s1_t3,interaction,1.0,t3,400,320,80,3,106122178,106122195,10,0.5942349433898926,-0.28377485275268555,-0.4057650566101074,0.7162251472473145,5.189186668395996,5.651486873626709,10.995104325795987,60.77561632794196,0.5313002718442917,32.29010147653994
interact_s1_t3,interaction,1.0,t3,400,320,80,3,106122178,106122195,20,0.5997903347015381,-0.29006606340408325,-0.4002096652984619,0.7099339365959167,5.091571998596192,5.793665885925293,10.995104325795987,60.77561632794196,0.5313002718442917,32.29010147653994
interact_s1_t3,interaction,1.0,t3,400,320,80,3,106122178,106122195,40,0.55588299036026,-0.3150540888309479,-0.44411700963974,0.6849459111690521,4.860263347625732,5.960460186004639,10.995104325795987,60.77561632794196,0.5313002718442917,32.29010147653994
interact_s1_t3,interaction,1.0,t3,400,320,80,3,106122178,106122195,60,0.5818337798118591,-0.28250789642333984,-0.41816622018814087,0.7174921035766602,4.585866069793701,6.210140228271484,10.995104325795987,60.77561632794196,0.5313002718442917,32.29010147653994
interact_s1_t3,interaction,1.0,t3,400,320,80,3,106122178,106122195,80,0.576033353805542,-0.24457046389579773,-0.423966646194458,0.7554295361042023,4.244642019271851,6.6004743576049805,10.995104325795987,60.77561632794196,0.5313002718442917,32.29010147653994
interact_s1_t3,interaction,1.0,t3,400,320,80,3,106122178,106122195,100,0.5481676459312439,-0.20006786286830902,-0.4518323540687561,0.799932137131691,3.918635940551758,7.070350646972656,10.995104325795987,60.77561632794196,0.5313002718442917,32.29010147653994
z_spike_t3,z_spike,1.0,t3,400,320,80,1,615716396,615716413,10,-0.6851233839988708,0.32414382696151733,-1.6851233839988708,1.3241438269615173,26.50162696838379,81.6233901977539,60.39706615036877,21.539111815617122,5.2,112.00338144120904
z_spike_t3,z_spike,1.0,t3,400,320,80,1,615716396,615716413,20,-0.7448874115943909,0.2461947649717331,-1.7448874115943909,1.246194764971733,26.220145797729494,81.42539978027344,60.39706615036877,21.539111815617122,5.2,112.00338144120904
z_spike_t3,z_spike,1.0,t3,400,320,80,1,615716396,615716413,40,-0.7342222929000854,0.16699917614459991,-1.7342222929000854,1.1669991761446,25.556576538085938,81.34828186035156,60.39706615036877,21.539111815617122,5.2,112.00338144120904
z_spike_t3,z_spike,1.0,t3,400,320,80,1,615716396,615716413,60,-0.7233980298042297,0.11481943726539612,-1.7233980298042297,1.1148194372653961,24.807833099365233,81.5165023803711,60.39706615036877,21.539111815617122,5.2,112.00338144120904
z_spike_t3,z_spike,1.0,t3,400,320,80,1,615716396,615716413,80,-0.6671568155288696,0.055088747292757034,-1.6671568155288696,1.055088747292757,24.12768096923828,81.76549530029297,60.39706615036877,21.539111815617122,5.2,112.00338144120904
z_spike_t3,z_spike,1.0,t3,400,320,80,1,615716396,615716413,100,-0.6033409237861633,0.014085641130805016,-1.6033409237861633,1.014085641130805,23.43401107788086,82.36318969726562,60.39706615036877,21.539111815617122,5.2,112.00338144120904
z_spike_t3,z_spike,1.0,t3,400,320,80,2,733346693,733346710,10,0.06330523639917374,0.33533167839050293,-0.9366947636008263,1.335331678390503,32.2426139831543,57.598365783691406,74.14591061501979,27.285232675226887,5.2,141.88320991117982
z_spike_t3,z_spike,1.0,t3,400,320,80,2,733346693,733346710,20,0.04575536400079727,0.36194083094596863,-0.9542446359992027,1.3619408309459686,31.52322998046875,57.756202697753906,74.14591061501979,27.285232675226887,5.2,141.88320991117982
z_spike_t3,z_spike,1.0,t3,400,320,80,2,733346693,733346710,40,-0.10833898931741714,0.3282521963119507,-1.1083389893174171,1.3282521963119507,30.89723892211914,58.26611328125,74.14591061501979,27.285232675226887,5.2,141.88320991117982
z_spike_t3,z_spike,1.0,t3,400,320,80,2,733346693,733346710,60,-0.2772470712661743,0.3534122407436371,-1.2772470712661743,1.353412240743637,30.287982940673828,58.7210807800293,74.14591061501979,27.285232675226887,5.2,141.88320991117982
z_spike_t3,z_spike,1.0,t3,400,320,80,2,733346693,733346710,80,-0.44047558307647705,0.3920632004737854,-1.440475583076477,1.3920632004737854,29.61702880859375,59.56868362426758,74.14591061501979,27.285232675226887,5.2,141.88320991117982
z_spike_t3,z_spike,1.0,t3,400,320,80,2,733346693,733346710,100,-0.5817549824714661,0.4074501693248749,-1.581754982471466,1.4074501693248749,28.929508209228516,59.45063018798828,74.14591061501979,27.285232675226887,5.2,141.88320991117982
z_spike_t3,z_spike,1.0,t3,400,320,80,3,760650327,760650344,10,-0.25672629475593567,-0.23703473806381226,-1.2567262947559357,0.7629652619361877,46.513106155395505,23.962907791137695,63.77199089222745,22.83602149030172,5.2,118.74731174956895
z_spike_t3,z_spike,1.0,t3,400,320,80,3,760650327,760650344,20,-0.25724977254867554,-0.24908730387687683,-1.2572497725486755,0.7509126961231232,46.40619125366211,23.837444305419922,63.77199089222745,22.83602149030172,5.2,118.74731174956895
z_spike_t3,z_spike,1.0,t3,400,320,80,3,760650327,760650344,40,-0.38372746109962463,-0.4018312394618988,-1.3837274610996246,0.5981687605381012,45.50419120788574,24.298748016357422,63.77199089222745,22.83602149030172,5.2,118.74731174956895
z_spike_t3,z_spike,1.0,t3,400,320,80,3,760650327,760650344,60,-0.38356122374534607,-0.41492965817451477,-1.383561223745346,0.5850703418254852,44.284417724609376,24.58047103881836,63.77199089222745,22.83602149030172,5.2,118.74731174956895
z_spike_t3,z_spike,1.0,t3,400,320,80,3,760650327,760650344,80,-0.3575570583343506,-0.38674935698509216,-1.3575570583343506,0.6132506430149078,43.223218536376955,24.679500579833984,63.77199089222745,22.83602149030172,5.2,118.74731174956895
z_spike_t3,z_spike,1.0,t3,400,320,80,3,760650327,760650344,100,-0.31894564628601074,-0.39390888810157776,-1.3189456462860107,0.6060911118984222,42.07792282104492,24.921968460083008,63.77199089222745,22.83602149030172,5.2,118.74731174956895
steep_s1_t3,steep_x,1.0,t3,400,320,80,1,117937910,117937927,10,0.7785352468490601,0.6708846688270569,-0.22146475315093994,1.6708846688270569,11.66940746307373,14.26695442199707,20.222825192074573,35.288159775973014,1.763032168281735,62.214160844506004
steep_s1_t3,steep_x,1.0,t3,400,320,80,1,117937910,117937927,20,0.8551748991012573,0.6923383474349976,-0.14482510089874268,1.6923383474349976,11.35605239868164,14.368672370910645,20.222825192074573,35.288159775973014,1.763032168281735,62.214160844506004
steep_s1_t3,steep_x,1.0,t3,400,320,80,1,117937910,117937927,40,0.8693812489509583,0.6506768465042114,-0.13061875104904175,1.6506768465042114,10.832316589355468,14.720799446105957,20.222825192074573,35.288159775973014,1.763032168281735,62.214160844506004
steep_s1_t3,steep_x,1.0,t3,400,320,80,1,117937910,117937927,60,0.8879594206809998,0.6218138337135315,-0.11204057931900024,1.6218138337135315,10.534380340576172,15.020299911499023,20.222825192074573,35.288159775973014,1.763032168281735,62.214160844506004
steep_s1_t3,steep_x,1.0,t3,400,320,80,1,117937910,117937927,80,0.880579948425293,0.6076232194900513,-0.11942005157470703,1.6076232194900513,10.201790618896485,15.182493209838867,20.222825192074573,35.288159775973014,1.763032168281735,62.214160844506004
steep_s1_t3,steep_x,1.0,t3,400,320,80,1,117937910,117937927,100,0.9201252460479736,0.605774998664856,-0.07987475395202637,1.605774998664856,9.940487480163574,15.200363159179688,20.222825192074573,35.288159775973014,1.763032168281735,62.214160844506004
steep_s1_t3,steep_x,1.0,t3,400,320,80,2,219936335,219936352,10,0.6815586686134338,0.5768497586250305,-0.31844133138656616,1.5768497586250305,11.113107872009277,11.902547836303711,20.426625062562398,38.49368697137205,1.6813111232839084,64.7198640811767
steep_s1_t3,steep_x,1.0,t3,400,320,80,2,219936335,219936352,20,0.7088391780853271,0.5117399096488953,-0.29116082191467285,1.5117399096488953,11.053378868103028,11.865702629089355,20.426625062562398,38.49368697137205,1.6813111232839084,64.7198640811767
steep_s1_t3,steep_x,1.0,t3,400,320,80,2,219936335,219936352,40,0.8044931888580322,0.3523653745651245,-0.19550681114196777,1.3523653745651245,10.917807388305665,11.783651351928711,20.426625062562398,38.49368697137205,1.6813111232839084,64.7198640811767
steep_s1_t3,steep_x,1.0,t3,400,320,80,2,219936335,219936352,60,0.8562281131744385,0.1882842779159546,-0.14377188682556152,1.1882842779159546,10.6202392578125,11.885465621948242,20.426625062562398,38.49368697137205,1.6813111232839084,64.7198640811767
steep_s1_t3,steep_x,1.0,t3,400,320,80,2,219936335,219936352,80,0.86834317445755,0.06856849044561386,-0.13165682554244995,1.0685684904456139,10.163696670532227,12.17017936706543,20.426625062562398,38.49368697137205,1.6813111232839084,64.7198640811767
steep_s1_t3,steep_x,1.0,t3,400,320,80,2,219936335,219936352,100,0.8956711888313293,-0.00554251205176115,-0.10432881116867065,0.9944574879482388,9.625516510009765,12.3870210647583,20.426625062562398,38.49368697137205,1.6813111232839084,64.7198640811767
steep_s1_t3,steep_x,1.0,t3,400,320,80,3,337566632,337566649,10,-0.31693705916404724,-0.5411983728408813,-1.3169370591640472,0.45880162715911865,11.140854644775391,9.526384353637695,19.95741874710836,36.402401276478535,1.6040594370091414,58.39161529732901
steep_s1_t3,steep_x,1.0,t3,400,320,80,3,337566632,337566649,20,-0.33844438195228577,-0.555895209312439,-1.3384443819522858,0.44410479068756104,10.989883422851562,9.788912773132324,19.95741874710836,36.402401276478535,1.6040594370091414,58.39161529732901
steep_s1_t3,steep_x,1.0,t3,400,320,80,3,337566632,337566649,40,-0.40051206946372986,-0.6726024150848389,-1.4005120694637299,0.32739758491516113,10.742951393127441,10.168404579162598,19.95741874710836,36.402401276478535,1.6040594370091414,58.39161529732901
steep_s1_t3,steep_x,1.0,t3,400,320,80,3,337566632,337566649,60,-0.4726136028766632,-0.7565727233886719,-1.4726136028766632,0.24342727661132812,10.244401550292968,10.100332260131836,19.95741874710836,36.402401276478535,1.6040594370091414,58.39161529732901
steep_s1_t3,steep_x,1.0,t3,400,320,80,3,337566632,337566649,80,-0.4971230924129486,-0.7827978730201721,-1.4971230924129486,0.21720212697982788,9.494116592407227,10.30148983001709,19.95741874710836,36.402401276478535,1.6040594370091414,58.39161529732901
steep_s1_t3,steep_x,1.0,t3,400,320,80,3,337566632,337566649,100,-0.5023943781852722,-0.8065845966339111,-1.5023943781852722,0.19341540336608887,8.809426498413085,10.154924392700195,19.95741874710836,36.402401276478535,1.6040594370091414,58.39161529732901
