design,sigma,scale,error_law,n_total,epoch,coef,Q,mean_theta,bias_vs_theta0,rmse_vs_theta0,mean_train_check,mean_val_check,mean_hetero_ratio,theta_tau,bias_vs_theta_tau,rmse_vs_theta_tau
interact_s1_t3,interaction,1.0,t3,400,10,1,3,0.5798980991045634,-0.4201019008954366,0.42025722592575865,5.9347239812215165,5.757761160532634,54.85007449712035,,,
interact_s1_t3,interaction,1.0,t3,400,10,2,3,-0.22009865442911783,0.7799013455708822,0.7817429195028937,5.9347239812215165,5.757761160532634,54.85007449712035,,,
interact_s1_t3,interaction,1.0,t3,400,20,1,3,0.6199010809262594,-0.38009891907374066,0.3804660930397112,5.8241964658101395,5.808667182922363,54.85007449712035,,,
interact_s1_t3,interaction,1.0,t3,400,20,2,3,-0.24330135186513266,0.7566986481348673,0.7574944263028973,5.8241964658101395,5.808667182922363,54.85007449712035,,,
interact_s1_t3,interaction,1.0,t3,400,40,1,3,0.6492536067962646,-0.35074639320373535,0.3591505583992248,5.576394780476888,5.979677518208821,54.85007449712035,,,
interact_s1_t3,interaction,1.0,t3,400,40,2,3,-0.3067820171515147,0.6932179828484853,0.6954001244232669,5.576394780476888,5.979677518208821,54.85007449712035,,,
interact_s1_t3,interaction,1.0,t3,400,60,1,3,0.6848722100257874,-0.31512778997421265,0.33911111120797266,5.274489084879558,6.295382976531982,54.85007449712035,,,
interact_s1_t3,interaction,1.0,t3,400,60,2,3,-0.30868461231390637,0.6913153876860937,0.7000599491132485,5.274489084879558,6.295382976531982,54.85007449712035,,,
interact_s1_t3,interaction,1.0,t3,400,80,1,3,0.706194539864858,-0.293805460135142,0.3639891107295022,4.947942717870077,6.5272321701049805,54.85007449712035,,,
interact_s1_t3,interaction,1.0,t3,400,80,2,3,-0.29476723571618396,0.705232764283816,0.7222532618167511,4.947942717870077,6.5272321701049805,54.85007449712035,,,
interact_s1_t3,interaction,1.0,t3,400,100,1,3,0.7014539241790771,-0.29854607582092285,0.4138870910892111,4.632512092590332,6.735022862752278,54.85007449712035,,,
interact_s1_t3,interaction,1.0,t3,400,100,2,3,-0.27013102918863297,0.729868970811367,0.7580345179565904,4.632512092590332,6.735022862752278,54.85007449712035,,,
mild_s1_t3,mild_prior,1.0,t3,400,10,1,3,0.7679405808448792,-0.23205941915512085,0.23226741334047285,0.5181240479151409,0.5531199971834818,2.9608114402583863,1.0,-0.23205941915512085,0.23226741334047285
mild_s1_t3,mild_prior,1.0,t3,400,10,2,3,0.0785422349969546,1.0785422349969547,1.0785855381855844,0.5181240479151409,0.5531199971834818,2.9608114402583863,-1.0,1.0785422349969547,1.0785855381855844
mild_s1_t3,mild_prior,1.0,t3,400,20,1,3,0.7914032340049744,-0.20859676599502563,0.20923272745601817,0.4171234051386515,0.46484869718551636,2.9608114402583863,1.0,-0.20859676599502563,0.20923272745601817
mild_s1_t3,mild_prior,1.0,t3,400,20,2,3,0.011204482909912864,1.011204482909913,1.0112585088916772,0.4171234051386515,0.46484869718551636,2.9608114402583863,-1.0,1.011204482909913,1.0112585088916772
mild_s1_t3,mild_prior,1.0,t3,400,40,1,3,0.8371933897336324,-0.16280661026636759,0.1676080020769644,0.36480173865954085,0.45621612668037415,2.9608114402583863,1.0,-0.16280661026636759,0.1676080020769644
mild_s1_t3,mild_prior,1.0,t3,400,40,2,3,-0.13966727256774902,0.860332727432251,0.8604024684338043,0.36480173865954085,0.45621612668037415,2.9608114402583863,-1.0,0.860332727432251,0.8604024684338043
mild_s1_t3,mild_prior,1.0,t3,400,60,1,3,0.8918461799621582,-0.1081538200378418,0.12876701440709803,0.3232683181762695,0.4607370396455129,2.9608114402583863,1.0,-0.1081538200378418,0.12876701440709803
mild_s1_t3,mild_prior,1.0,t3,400,60,2,3,-0.27000213662783307,0.729997863372167,0.7300364753598112,0.3232683181762695,0.4607370396455129,2.9608114402583863,-1.0,0.729997863372167,0.7300364753598112
mild_s1_t3,mild_prior,1.0,t3,400,80,1,3,0.9136685132980347,-0.08633148670196533,0.13141360677504785,0.2876385301351547,0.46819888552029926,2.9608114402583863,1.0,-0.08633148670196533,0.13141360677504785
mild_s1_t3,mild_prior,1.0,t3,400,80,2,3,-0.3742470443248749,0.6257529556751251,0.6257979573320576,0.2876385301351547,0.46819888552029926,2.9608114402583863,-1.0,0.6257529556751251,0.6257979573320576
mild_s1_t3,mild_prior,1.0,t3,400,100,1,3,0.9258986512819926,-0.0741013487180074,0.15014535451137456,0.25844256381193803,0.47815008958180744,2.9608114402583863,1.0,-0.0741013487180074,0.15014535451137456
mild_s1_t3,mild_prior,1.0,t3,400,100,2,3,-0.4487265646457672,0.5512734353542328,0.5513271845318626,0.25844256381193803,0.47815008958180744,2.9608114402583863,-1.0,0.5512734353542328,0.5513271845318626
mild_x10_s1_t3,mild_x10,1.0,t3,400,10,1,3,-0.16034850478172302,-1.160348504781723,1.2558796398863423,8.100818888346355,9.173388481140137,9.294814024819791,1.0,-1.160348504781723,1.2558796398863423
mild_x10_s1_t3,mild_x10,1.0,t3,400,10,2,3,0.18345902363459268,1.1834590236345928,1.2905417943321429,8.100818888346355,9.173388481140137,9.294814024819791,-1.0,1.1834590236345928,1.2905417943321429
mild_x10_s1_t3,mild_x10,1.0,t3,400,20,1,3,-0.12681815028190613,-1.1268181502819061,1.2124195454824302,7.963736915588378,9.235888004302979,9.294814024819791,1.0,-1.1268181502819061,1.2124195454824302
mild_x10_s1_t3,mild_x10,1.0,t3,400,20,2,3,0.1947953701019287,1.1947953701019287,1.2931366540717903,7.963736915588378,9.235888004302979,9.294814024819791,-1.0,1.1947953701019287,1.2931366540717903
mild_x10_s1_t3,mild_x10,1.0,t3,400,40,1,3,-0.14342153072357178,-1.1434215307235718,1.2038285322965396,7.506243737538656,9.46926752726237,9.294814024819791,1.0,-1.1434215307235718,1.2038285322965396
mild_x10_s1_t3,mild_x10,1.0,t3,400,40,2,3,0.12847957015037537,1.1284795701503754,1.2325722632091827,7.506243737538656,9.46926752726237,9.294814024819791,-1.0,1.1284795701503754,1.2325722632091827
mild_x10_s1_t3,mild_x10,1.0,t3,400,60,1,3,-0.1303524672985077,-1.1303524672985077,1.1671673788215455,7.113469727834065,9.743406931559244,9.294814024819791,1.0,-1.1303524672985077,1.1671673788215455
mild_x10_s1_t3,mild_x10,1.0,t3,400,60,2,3,0.06325587630271912,1.0632558763027191,1.1858871035516687,7.113469727834065,9.743406931559244,9.294814024819791,-1.0,1.0632558763027191,1.1858871035516687
mild_x10_s1_t3,mild_x10,1.0,t3,400,80,1,3,-0.11653473352392514,-1.116534733523925,1.1369545468149669,6.805054569244384,9.974266370137533,9.294814024819791,1.0,-1.116534733523925,1.1369545468149669
mild_x10_s1_t3,mild_x10,1.0,t3,400,80,2,3,0.02098103364308675,1.0209810336430867,1.1622133322554364,6.805054569244384,9.974266370137533,9.294814024819791,-1.0,1.0209810336430867,1.1622133322554364
mild_x10_s1_t3,mild_x10,1.0,t3,400,100,1,3,-0.07838127575814724,-1.0783812757581472,1.0913480351299998,6.480355739593506,10.184596061706543,9.294814024819791,1.0,-1.0783812757581472,1.0913480351299998
mild_x10_s1_t3,mild_x10,1.0,t3,400,100,2,3,-0.015919501582781475,0.9840804984172186,1.1396000733710647,6.480355739593506,10.184596061706543,9.294814024819791,-1.0,0.9840804984172186,1.1396000733710647
paper4_s10_t3,paper_case4,10.0,t3,400,10,1,3,-0.08740697552760442,-1.0874069755276043,1.1325174088292485,10.546908442179362,11.66023031870524,4.030315638315687,1.0,-1.0874069755276043,1.1325174088292485
paper4_s10_t3,paper_case4,10.0,t3,400,10,2,3,0.22754993041356406,1.227549930413564,1.2652022471087938,10.546908442179362,11.66023031870524,4.030315638315687,-1.0,1.227549930413564,1.2652022471087938
paper4_s10_t3,paper_case4,10.0,t3,400,20,1,3,-0.04475861291090647,-1.0447586129109065,1.0920419140425386,10.38193136850993,11.51826254526774,4.030315638315687,1.0,-1.0447586129109065,1.0920419140425386
paper4_s10_t3,paper_case4,10.0,t3,400,20,2,3,0.2459106594324112,1.2459106594324112,1.2789853045014101,10.38193136850993,11.51826254526774,4.030315638315687,-1.0,1.2459106594324112,1.2789853045014101
paper4_s10_t3,paper_case4,10.0,t3,400,40,1,3,-0.02778943379720052,-1.0277894337972004,1.0925098152231296,9.63494160970052,11.584232330322266,4.030315638315687,1.0,-1.0277894337972004,1.0925098152231296
paper4_s10_t3,paper_case4,10.0,t3,400,40,2,3,0.20076524652540684,1.2007652465254068,1.2179017214665195,9.63494160970052,11.584232330322266,4.030315638315687,-1.0,1.2007652465254068,1.2179017214665195
paper4_s10_t3,paper_case4,10.0,t3,400,60,1,3,-0.02615120013554891,-1.0261512001355488,1.1109153484194323,8.84558245340983,11.905837376912435,4.030315638315687,1.0,-1.0261512001355488,1.1109153484194323
paper4_s10_t3,paper_case4,10.0,t3,400,60,2,3,0.13667289090032378,1.1366728909003239,1.1472127637559484,8.84558245340983,11.905837376912435,4.030315638315687,-1.0,1.1366728909003239,1.1472127637559484
paper4_s10_t3,paper_case4,10.0,t3,400,80,1,3,-0.008812228838602701,-1.0088122288386028,1.1151044446675284,8.239122676849364,12.171903292338053,4.030315638315687,1.0,-1.0088122288386028,1.1151044446675284
paper4_s10_t3,paper_case4,10.0,t3,400,80,2,3,0.08033740613609552,1.0803374061360955,1.0905326449825037,8.239122676849364,12.171903292338053,4.030315638315687,-1.0,1.0803374061360955,1.0905326449825037
paper4_s10_t3,paper_case4,10.0,t3,400,100,1,3,0.04096694787343343,-0.9590330521265665,1.092317846132374,7.6839239756266275,12.407903035481771,4.030315638315687,1.0,-0.9590330521265665,1.092317846132374
paper4_s10_t3,paper_case4,10.0,t3,400,100,2,3,0.05309389531612396,1.053093895316124,1.064659477310211,7.6839239756266275,12.407903035481771,4.030315638315687,-1.0,1.053093895316124,1.064659477310211
paper6_s10_t3,paper_case6,10.0,t3,400,10,1,3,-0.015717049439748127,-1.015717049439748,1.0995310967050884,10.939547157287597,11.120835304260254,4.576941983490415,1.0,-1.015717049439748,1.0995310967050884
paper6_s10_t3,paper_case6,10.0,t3,400,10,2,3,0.13886868953704834,1.1388686895370483,1.2427438162256381,10.939547157287597,11.120835304260254,4.576941983490415,-1.0,1.1388686895370483,1.2427438162256381
paper6_s10_t3,paper_case6,10.0,t3,400,20,1,3,-0.032273292541503906,-1.032273292541504,1.0969105245088673,10.775052134195962,11.087630907694498,4.576941983490415,1.0,-1.032273292541504,1.0969105245088673
paper6_s10_t3,paper_case6,10.0,t3,400,20,2,3,0.11922834316889445,1.1192283431688945,1.2316792910198826,10.775052134195962,11.087630907694498,4.576941983490415,-1.0,1.1192283431688945,1.2316792910198826
paper6_s10_t3,paper_case6,10.0,t3,400,40,1,3,-0.05986398955186208,-1.059863989551862,1.0988332987550662,10.015964539845784,11.276365915934244,4.576941983490415,1.0,-1.059863989551862,1.0988332987550662
paper6_s10_t3,paper_case6,10.0,t3,400,40,2,3,0.16255688667297363,1.1625568866729736,1.311377288887001,10.015964539845784,11.276365915934244,4.576941983490415,-1.0,1.1625568866729736,1.311377288887001
paper6_s10_t3,paper_case6,10.0,t3,400,60,1,3,-0.07499886552492778,-1.0749988655249278,1.0947617840787198,9.220882288614908,11.725868860880533,4.576941983490415,1.0,-1.0749988655249278,1.0947617840787198
paper6_s10_t3,paper_case6,10.0,t3,400,60,2,3,0.21213402350743613,1.212134023507436,1.4080015136364756,9.220882288614908,11.725868860880533,4.576941983490415,-1.0,1.212134023507436,1.4080015136364756
paper6_s10_t3,paper_case6,10.0,t3,400,80,1,3,-0.08756053944428761,-1.0875605394442875,1.0961843095412487,8.600319194793702,11.735639254252115,4.576941983490415,1.0,-1.0875605394442875,1.0961843095412487
paper6_s10_t3,paper_case6,10.0,t3,400,80,2,3,0.23962531487147012,1.2396253148714702,1.4843767220610846,8.600319194793702,11.735639254252115,4.576941983490415,-1.0,1.2396253148714702,1.4843767220610846
paper6_s10_t3,paper_case6,10.0,t3,400,100,1,3,-0.12471755656103294,-1.124717556561033,1.128026764227772,8.01328026453654,12.143548011779785,4.576941983490415,1.0,-1.124717556561033,1.128026764227772
paper6_s10_t3,paper_case6,10.0,t3,400,100,2,3,0.2576954960823059,1.257695496082306,1.5505803946821877,8.01328026453654,12.143548011779785,4.576941983490415,-1.0,1.257695496082306,1.5505803946821877
paper6_s1_t3,paper_case6,1.0,t3,400,10,1,3,-0.2909329781929652,-1.2909329781929653,1.2974634926375217,1.253007205327352,1.0206918319066365,4.491301079855678,1.0,-1.2909329781929653,1.2974634926375217
paper6_s1_t3,paper_case6,1.0,t3,400,10,2,3,0.13608647137880325,1.1360864713788033,1.1733195539950438,1.253007205327352,1.0206918319066365,4.491301079855678,-1.0,1.1360864713788033,1.1733195539950438
paper6_s1_t3,paper_case6,1.0,t3,400,20,1,3,-0.23315231998761496,-1.2331523199876149,1.2407504575299615,1.1633420864741006,0.9942129055658976,4.491301079855678,1.0,-1.2331523199876149,1.2407504575299615
paper6_s1_t3,paper_case6,1.0,t3,400,20,2,3,0.07969531416893005,1.07969531416893,1.1149591869225635,1.1633420864741006,0.9942129055658976,4.491301079855678,-1.0,1.07969531416893,1.1149591869225635
paper6_s1_t3,paper_case6,1.0,t3,400,40,1,3,-0.09840837803979714,-1.098408378039797,1.1097190036615316,1.0686875343322753,1.0074700911839802,4.491301079855678,1.0,-1.098408378039797,1.1097190036615316
paper6_s1_t3,paper_case6,1.0,t3,400,40,2,3,-0.046628110110759735,0.9533718898892403,0.9842387245619244,1.0686875343322753,1.0074700911839802,4.491301079855678,-1.0,0.9533718898892403,0.9842387245619244
paper6_s1_t3,paper_case6,1.0,t3,400,60,1,3,0.015267965694268545,-0.9847320343057314,1.000267695943786,0.9712497274080913,1.051365613937378,4.491301079855678,1.0,-0.9847320343057314,1.000267695943786
paper6_s1_t3,paper_case6,1.0,t3,400,60,2,3,-0.16458160678545633,0.8354183932145437,0.8647333542452773,0.9712497274080913,1.051365613937378,4.491301079855678,-1.0,0.8354183932145437,0.8647333542452773
paper6_s1_t3,paper_case6,1.0,t3,400,80,1,3,0.10982699195543925,-0.8901730080445608,0.9141268722772493,0.8746850927670797,1.105687181154887,4.491301079855678,1.0,-0.8901730080445608,0.9141268722772493
paper6_s1_t3,paper_case6,1.0,t3,400,80,2,3,-0.2767132769028346,0.7232867230971655,0.7484396725898376,0.8746850927670797,1.105687181154887,4.491301079855678,-1.0,0.7232867230971655,0.7484396725898376
paper6_s1_t3,paper_case6,1.0,t3,400,100,1,3,0.1912501404682795,-0.8087498595317205,0.8415740664517067,0.8028166651725769,1.1628766457239788,4.491301079855678,1.0,-0.8087498595317205,0.8415740664517067
paper6_s1_t3,paper_case6,1.0,t3,400,100,2,3,-0.3503836989402771,0.6496163010597229,0.6692069401206654,0.8028166651725769,1.1628766457239788,4.491301079855678,-1.0,0.6496163010597229,0.6692069401206654
steep_s1_t3,steep_x,1.0,t3,400,10,1,3,0.38105228543281555,-0.6189477145671844,0.7926274316522874,11.30778999328613,11.898628870646158,36.72808267460787,,,
steep_s1_t3,steep_x,1.0,t3,400,10,2,3,0.23551201820373535,1.2355120182037354,1.352628265129408,11.30778999328613,11.898628870646158,36.72808267460787,,,
steep_s1_t3,steep_x,1.0,t3,400,20,1,3,0.40852323174476624,-0.5914767682552338,0.7952321039897712,11.13310489654541,12.007762591044107,36.72808267460787,,,
steep_s1_t3,steep_x,1.0,t3,400,20,2,3,0.21606101592381796,1.2160610159238179,1.3349901000551665,11.13310489654541,12.007762591044107,36.72808267460787,,,
steep_s1_t3,steep_x,1.0,t3,400,40,1,3,0.42445412278175354,-0.5755458772182465,0.8199020730229701,10.831025123596191,12.224285125732422,36.72808267460787,,,
steep_s1_t3,steep_x,1.0,t3,400,40,2,3,0.11014660199483235,1.1101466019948323,1.246436966786533,10.831025123596191,12.224285125732422,36.72808267460787,,,
steep_s1_t3,steep_x,1.0,t3,400,60,1,3,0.423857976992925,-0.576142023007075,0.8567018676748845,10.46634038289388,12.335365931193033,36.72808267460787,,,
steep_s1_t3,steep_x,1.0,t3,400,60,2,3,0.017841796080271404,1.0178417960802715,1.169267074619144,10.46634038289388,12.335365931193033,36.72808267460787,,,
steep_s1_t3,steep_x,1.0,t3,400,80,1,3,0.41726667682329815,-0.5827333231767019,0.8704351827804547,9.953201293945314,12.551387468973795,36.72808267460787,,,
steep_s1_t3,steep_x,1.0,t3,400,80,2,3,-0.03553538769483566,0.9644646123051643,1.1215269053959929,9.953201293945314,12.551387468973795,36.72808267460787,,,
steep_s1_t3,steep_x,1.0,t3,400,100,1,3,0.43780068556467694,-0.5621993144353231,0.870718734678709,9.458476829528808,12.580769538879395,36.72808267460787,,,
steep_s1_t3,steep_x,1.0,t3,400,100,2,3,-0.06878403667360544,0.9312159633263946,1.0961855925484982,9.458476829528808,12.580769538879395,36.72808267460787,,,
z_spike_t3,z_spike,1.0,t3,400,10,1,3,-0.2928481474518776,-1.2928481474518776,1.3287085057036898,35.08578236897787,54.394887924194336,23.88678866038191,,,
z_spike_t3,z_spike,1.0,t3,400,10,2,3,0.14081358909606934,1.1408135890960693,1.1716915914913852,35.08578236897787,54.394887924194336,23.88678866038191,,,
z_spike_t3,z_spike,1.0,t3,400,20,1,3,-0.31879394004742306,-1.3187939400474231,1.3584172033470325,34.71652234395345,54.339682261149086,23.88678866038191,,,
z_spike_t3,z_spike,1.0,t3,400,20,2,3,0.11968276401360829,1.1196827640136082,1.1506163705364827,34.71652234395345,54.339682261149086,23.88678866038191,,,
z_spike_t3,z_spike,1.0,t3,400,40,1,3,-0.4087629144390424,-1.4087629144390423,1.4318570649141853,33.98600222269694,54.63771438598633,23.88678866038191,,,
z_spike_t3,z_spike,1.0,t3,400,40,2,3,0.031140044331550598,1.0311400443315506,1.0776435465423906,33.98600222269694,54.63771438598633,23.88678866038191,,,
z_spike_t3,z_spike,1.0,t3,400,60,1,3,-0.4614021082719167,-1.4614021082719166,1.4737370310475837,33.12674458821615,54.939351399739586,23.88678866038191,,,
z_spike_t3,z_spike,1.0,t3,400,60,2,3,0.017767339944839478,1.0177673399448395,1.067216687772956,33.12674458821615,54.939351399739586,23.88678866038191,,,
z_spike_t3,z_spike,1.0,t3,400,80,1,3,-0.48839648564656574,-1.4883964856465657,1.4941377579992743,32.322642771403,55.33789316813151,23.88678866038191,,,
z_spike_t3,z_spike,1.0,t3,400,80,2,3,0.02013419692715009,1.02013419692715,1.06881999886718,32.322642771403,55.33789316813151,23.88678866038191,,,
z_spike_t3,z_spike,1.0,t3,400,100,1,3,-0.5013471841812134,-1.5013471841812134,1.5069028458306568,31.480480702718097,55.578596115112305,23.88678866038191,,,
z_spike_t3,z_spike,1.0,t3,400,100,2,3,0.009208974118034044,1.0092089741180341,1.0609166009639277,31.480480702718097,55.578596115112305,23.88678866038191,,,
