n,rep,stage,seed,theta_hat,theta_error,root_n_theta_error,S,E,T,W,R_score,R_theta,Psi_hat,root_n_G,root_n_phi_score,a_hat,root_n_a,final_training_loss,frozen_h_loss_gain,n_frozen_h_loss_gain,exact_zero_residual_count,near_zero_residual_count,root_n_tie_score_bound,selected_polish_epoch,scaled_population_integration_se,scaled_population_refinement_gap,integration_adequate,decomposition_error,population_score,population_score_se,population_score_refinement_gap,h_l2_squared,h_l2_squared_se,m_l2_squared,m_l2_squared_se,sqrt_n_prediction_error_squared,n_quarter_h_l2,n_quarter_m_l2
500,1,baseline,520263432,0.9892438320377283,-0.010756167962271745,-0.24051522741045017,-0.2925512832180641,0.07686234232600275,0.0006315548465744905,-0.3460572570670428,-0.3700451803906414,-3.7102628482324427,-0.013083291123607696,-0.3147909482493942,0.022239665031330062,0.1599633572451938,3.5768894070933688,0.4164712207025182,0.0009458971227099822,0.4729485613549911,0,0,0.0,0,2.9930439886726726e-08,1.6343909398297932e-08,True,0.0,-0.0010445285524431803,1.3385299636638412e-09,-7.309218486538371e-10,0.05769086038899763,3.5342522693898945e-06,0.05787370714537007,3.528350762928479e-06,1.2906536106483644,1.1357846869466444,1.1375831542659323
500,1,polished,520263432,0.9996229451141029,-0.0003770548858971212,-0.008431203561143899,-0.24836939076115533,0.0985056926378654,2.3064561824952278e-05,-0.3460572570670428,-0.34689814796084567,-3.478178824383136,-0.01110741682544303,-0.2534906486104641,0.0051212578493087645,0.1428287902745947,3.193748841980546,0.41587968094468863,0.0007958820730248339,0.39794103651241697,0,0,0.0,500,1.104131376725744e-09,5.739604267717718e-10,True,0.0,-3.657430544183809e-05,4.9378256288983854e-11,-2.566829061312944e-11,0.06048655046228221,3.821200917180856e-06,0.06049330451380568,3.820366756410243e-06,1.352521180337968,1.1629790993742508,1.1630440278702452
500,2,baseline,520264441,0.9169401513333686,-0.08305984866663141,-1.857274678194331,-0.08180719561206085,0.0010513769304489606,0.0028184564463859807,0.0995593198737751,-0.08567702898889577,-0.859041853399784,-0.0036585290087438114,0.006851141893620781,-0.08865833750568161,0.02427176643538851,0.5427331968352647,0.36652737175347583,4.753082534031394e-05,0.02376541267015697,0,0,0.0,0,3.306432447790411e-07,3.0528519802630465e-08,True,1.3877787807814457e-17,-0.008157976155101127,1.4786815432540767e-08,-1.3652769106226037e-09,0.029320046720696696,3.7749431400599795e-06,0.030699546221465156,3.4074792745618492e-06,0.6941824141352729,0.8097012879509801,0.8285304594859075
500,2,polished,520264441,0.9274613560045447,-0.07253864399545529,-1.6220133896949498,-0.16310638576076522,-0.10333591638018655,0.0024426408772864616,0.0995593198737751,-0.06221311025786515,-0.6237805649004028,-0.007294339322507496,-0.15942548433991977,-0.003680901420845478,0.020008000529488708,0.4473924927778854,0.36616179856459746,2.3536738240514943e-05,0.011768369120257471,0,0,0.0,500,2.702198087370658e-07,3.858362969808922e-07,True,-1.3877787807814457e-17,-0.0071254447922690116,1.2084597224061414e-08,-1.7255123764721436e-08,0.02948874754485957,3.5575176212576e-06,0.030033054303364393,3.235748471704063e-06,0.6888031037740961,0.8120273645736087,0.8194873458099604
500,3,baseline,520265450,0.9131034249326264,-0.08689657506737358,-1.943066488625607,0.0858359065643755,0.29837736419330396,0.0036039467038585793,-0.02235256034681103,-0.21614540433278706,-2.167184727728456,0.0038386984397652804,-0.051310516564270714,0.13714642312864636,-0.004583817931344392,-0.10249728490968525,0.4072244399263256,1.4545832029588812e-05,0.007272916014794406,0,0,0.0,0,2.1220493151756506e-07,1.5079358019035888e-07,True,-2.7755575615628914e-17,-0.008505506057770793,9.490093040679261e-09,-6.743693917524163e-09,0.037777416822215006,3.4655949089766943e-06,0.03663301714135058,3.5207735913916696e-06,0.8869401760356067,0.9190912469870272,0.9050630726583365
500,3,polished,520265450,0.9201507714615814,-0.07984922853841858,-1.7854830296282014,0.08178795699092847,0.27900490992242066,0.0032117752798022092,-0.02235256034681103,-0.20042872821129437,-2.0096012687310503,0.003657668631450904,-0.04381942662157012,0.12560738361249868,-0.015395220335552446,-0.34424759198882393,0.40704876712893756,2.019507833317391e-05,0.010097539166586955,0,0,0.0,500,2.10514299258249e-07,2.545813401104449e-07,True,2.7755575615628914e-17,-0.007820173373271143,9.414485667543565e-09,-1.138522364579897e-08,0.03687815168304897,3.703560673929539e-06,0.035977093064374216,3.7880079675385272e-06,0.8602629010995204,0.9080861966126661,0.8969237744913274
500,4,baseline,520266459,0.8324180280482599,-0.16758197195174007,-3.7472468108755392,-0.11536865602126896,0.2055547863366271,0.01232358065871575,0.040486773972809115,-0.3332470230166118,-3.3413056413201874,-0.005159443146726956,-0.10252313631881836,-0.012845519702450597,0.1352443218883992,3.0241549731332333,0.40675275221162976,0.0004474012052217424,0.2237006026108712,0,0,0.0,0,6.390584553012703e-07,8.438650818223559e-07,True,0.0,-0.016162756229567227,2.857956295299302e-08,3.7738793735864196e-08,0.0628602852029648,4.030590625664145e-06,0.08172354739248869,3.9646806070963246e-06,1.5625914604776325,1.1855794819363799,1.3518114044940972
500,4,polished,520266459,0.8427750466788133,-0.1572249533211867,-3.515656833854048,-0.13904320566121023,0.16016470035043534,0.01094135861719897,0.040486773972809115,-0.3101492646288445,-3.109715664298696,-0.0062182011933589925,-0.20147765006497895,0.06243444440376868,0.15824084846648093,3.5383729398829473,0.40642495285684843,0.0004258626404368693,0.21293132021843464,0,0,0.0,500,5.980116196905111e-07,3.75410710611933e-07,True,5.551115123125783e-17,-0.015191607920805556,2.6743892659254693e-08,1.6788877368195676e-08,0.06004558424949871,4.004794984091526e-06,0.07499637292084453,3.819354528558586e-06,1.4808473267047015,1.1587321007487874,1.2949787176511158
500,5,baseline,520267468,1.0383026851226584,0.03830268512265844,0.8564740765503415,-0.28723861628618713,-0.038213234036406224,-0.0015768081672811324,-0.3328695043834259,-0.24744857408249976,-2.481046369249271,-0.01284570143557785,-0.37706789686995057,0.08982928058376348,0.08086479757398075,1.8081918436218105,0.37440369443237326,0.0005664376172648811,0.28321880863244053,0,0,0.0,0,1.2104243310692959e-07,5.89858958742499e-08,True,0.0,0.0037496231320924976,5.413182171781312e-09,2.6379294577709433e-09,0.03799315726923652,2.8690999083409404e-06,0.038150168972851214,2.8988731995796193e-06,0.8577541375559884,0.9217118982298815,0.9236144822186293
500,5,polished,520267468,1.0487024363297597,0.04870243632975968,1.0890195830319802,-0.2444305118451061,-0.018212935064933877,-0.0019620613608952314,-0.3328695043834259,-0.22425551541927702,-2.2485008627676324,-0.010931264805214495,-0.2980987953263914,0.0536682834812853,0.07262057902644906,1.623845512685356,0.37398916549039923,0.0004440099788778906,0.2220049894389453,0,0,0.0,500,1.7358332810263683e-07,3.397830890098695e-08,True,0.0,0.0047696192010452275,7.76288242796291e-09,1.5195561692618598e-09,0.03693057218550953,3.2582390680394555e-06,0.03730048806190326,3.364632040964679e-06,0.839052175273742,0.9087313676481201,0.9132711913792917
500,6,baseline,520268477,1.0326963978362331,0.032696397836233126,0.7311136818119431,0.030054465100709898,0.061609633241843376,-0.0016820627905170665,-0.10279114521430242,-0.029873105350616408,-0.2995230820915428,0.0013440765398516478,0.012745817289926959,0.01730864781078273,-0.011440155742562842,-0.255809659135551,0.3882561632554788,1.2615894712686426e-05,0.006307947356343213,0,0,0.0,0,1.0578132954109918e-07,1.7736284864918792e-07,True,0.0,0.0031857697435844455,4.730684872084088e-09,-7.931907725251819e-09,0.048284343407539815,3.138048995678156e-06,0.05312718234841497,2.9959982747593414e-06,1.0856469370330377,1.039072057694763,1.089935737482182
500,6,polished,520268477,1.034971711565864,0.034971711565864094,0.7819912435078773,0.11886849958915888,0.14549527354328673,-0.001827971224571609,-0.10279114521430242,-0.02479880272955627,-0.24864552039560872,0.005315960909295301,0.08807044802692528,0.03079805156223343,-0.00488440173157368,-0.1092185430121643,0.38777883809740943,3.910212194702112e-06,0.001955106097351056,0,0,0.0,500,1.328729790451222e-07,1.348695213318877e-07,True,-2.7755575615628914e-17,0.003406174232025632,5.942260270355966e-09,-6.031548355819177e-09,0.048908892735869826,3.6863589307001683e-06,0.054203346559055496,3.707401767511432e-06,1.1004729816702532,1.0457705716917578,1.1009194680539873
500,7,baseline,520269486,0.9098215351904997,-0.09017846480950031,-2.0164517742061534,-0.10530924871411972,-0.1662905838406265,0.0022828325788036563,0.2598104698280325,0.05869850254770312,0.5885413046582898,-0.00470957277568408,-0.1379297483722255,0.03262049965810567,0.04403451686949787,0.9846417307655848,0.3837613265661727,0.00013538757209907715,0.06769378604953857,0,0,0.0,0,1.5722807883557892e-07,4.7036499947119343e-07,True,-1.3877787807814457e-17,-0.008891909222001478,7.0314534449610085e-09,2.1035362261084822e-08,0.021037224275269967,1.5748941681984043e-06,0.023803196567937134,1.5705268434827744e-06,0.5158667667142,0.6858619652482006,0.7295585350586827
500,7,polished,520269486,0.9204328439382147,-0.07956715606178533,-1.7791756973048645,-0.11605070065844456,-0.20037932232718614,0.0019652543201120476,0.2598104698280325,0.08236336734862956,0.8258173815595784,-0.005189945110175232,-0.2228672957415833,0.10681659508313868,0.007055603366412236,0.15776808749574117,0.3832010406166191,1.8698628898083935e-05,0.009349314449041968,0,0,0.0,500,1.3666246705594947e-07,1.5426265786147857e-07,True,2.7755575615628914e-17,-0.007847786826029416,6.111731326198572e-09,6.898835787361168e-09,0.020885427902064692,1.542285086627035e-06,0.021538578900448937,1.6569266195432538e-06,0.5024033528740727,0.6833830296999441,0.6939865024634593
500,8,baseline,520270495,0.9054558060010673,-0.09454419399893266,-2.114072446595411,-0.1314374347296279,0.1385806359607744,0.005408350206158957,-0.06457820020190895,-0.2754264208965613,-2.7615666167989565,-0.005878060776872794,-0.22495667704861919,0.0935192423189912,0.08238479784056926,1.8421800828409076,0.41300361358171367,0.00023154232866928748,0.11577116433464374,0,0,0.0,0,3.003612152176273e-07,1.7274806573716338e-08,True,-5.551115123125783e-17,-0.009187550314020482,1.3432561900621177e-08,7.725528359397993e-10,0.05079566985296281,3.072448816944022e-06,0.053410748011680526,2.8794159784573534e-06,1.1857940264182947,1.0657512409275516,1.0928406255407483
500,8,polished,520270495,0.9161276107446356,-0.08387238925536444,-1.8754436381031787,-0.0968952961891473,0.14989664488256726,0.0048346995675047355,-0.06457820020190895,-0.2516266406392193,-2.522937808306724,-0.004333289379578193,-0.16463941358280282,0.06774411739365548,0.05667058838447512,1.2671928795259637,0.4125416332306527,0.00015378898847939748,0.07689449423969874,0,0,0.0,500,2.8581107760072e-07,4.091291586794501e-08,True,0.0,-0.008148846220388339,1.2781859964753548e-08,1.8296812207690971e-09,0.051679961619359074,3.2514834901683475e-06,0.054168438647170546,3.2057689488814003e-06,1.1949235572650418,1.0749879406554614,1.1005649051741568
500,9,baseline,520271504,0.973962090171689,-0.026037909828311,-0.5822253636811328,-0.26334723684059647,0.33706897666912333,0.0018974826413695606,-0.5442451175774632,-0.6023136961510893,-6.039106163879302,-0.011777246465246213,-0.3444844259698064,0.0811371891292099,0.14636448051424325,3.272809279212913,0.3968128073054924,0.0007232772226522521,0.36163861132612607,0,0,0.0,0,6.351163976179186e-08,3.7541406715326657e-07,True,0.0,-0.002512047777503753,2.8403268773969027e-09,1.67890274772875e-08,0.06873636418232004,3.0586460351962525e-06,0.06826476594208936,3.011287334657902e-06,1.5407818112583147,1.239754745253469,1.2354944642313226
500,9,polished,520271504,0.9847530774337886,-0.015246922566211407,-0.3409315530572425,-0.22229220441813524,0.35485019352196934,0.0011057224467231688,-0.5442451175774632,-0.5782481203868278,-5.797812353255413,-0.00994120959894459,-0.3521970270562415,0.12990482263810632,0.15132468261522322,3.383722770012198,0.3964070610887087,0.0005953263823209043,0.29766319116045215,0,0,0.0,500,3.7408285300358215e-08,2.208537346920439e-07,True,-1.1102230246251565e-16,-0.0014712111033147028,1.6729493770661422e-09,9.876879277122275e-09,0.06859315475923052,3.1499656813808894e-06,0.0683211415078434,3.1386309295213265e-06,1.535089107575487,1.238462582530464,1.236004517434788
500,10,baseline,520272513,1.001200849551904,0.0012008495519040263,0.02685181228807565,0.051606745343711805,-0.022469427913673793,-3.8584759207876615e-05,0.07143667720981445,0.07411475801659348,0.7431125920473113,0.0023079238137212067,-0.1550179822484298,0.2066247275921416,-0.008963875436196434,-0.20043834817175807,0.3977449760511339,1.562244922892475e-05,0.007811224614462375,0,0,0.0,0,4.645249187876588e-09,3.715109844465582e-09,True,1.3877787807814457e-17,0.00011804185177422226,2.0774185913035484e-10,-1.6614476312207423e-10,0.029720598986618572,3.938312381581894e-06,0.029739523939185813,3.936441971478347e-06,0.6645808579075934,0.8152133442608167,0.8154728514579856
500,10,polished,520272513,1.010049666241503,0.010049666241503052,0.22471736867185646,0.05769522808435622,-0.03582707626492557,-0.00032668773647263546,0.07143667720981445,0.09384899208575442,0.9409781484310921,0.0025802090394795095,-0.034730642436403586,0.09242587052075987,-2.549036880812883e-05,-0.0005699819742651637,0.3974008054528961,2.553295191942695e-08,1.2766475959713475e-05,0,0,0.0,500,3.859899077991078e-08,4.067927587051858e-08,True,0.0,0.0009876992721912638,1.7261993449353624e-09,-1.8192325224389294e-09,0.03002151190958589,3.912493151374167e-06,0.03009932262607876,3.892784724102728e-06,0.671865997809991,0.8193298567558341,0.8203909523429033
1000,1,baseline,1020264932,0.9643194365972747,-0.035680563402725296,-1.1283184855065966,0.1092381351423121,-0.12427953734079618,0.0016065694791092405,0.3444445904107722,0.23191110300399906,2.3252597119627456,0.0034544131439898794,-0.015606827625625616,0.12484496276793787,-0.004590709872890169,-0.14517099275355003,0.4092015871574401,7.82148815114958e-06,0.00782148815114958,0,0,0.0,0,1.551304288185513e-07,1.0213330818985595e-07,True,2.7755575615628914e-17,-0.003507817144739828,4.905654894652458e-09,3.2297387884787365e-09,0.028826849329663305,3.0972876721702843e-06,0.027122545156323494,3.058498303666267e-06,0.9216497762974871,0.954769614348059,0.9261156441543889
1000,1,polished,1020264932,0.9604417174368881,-0.03955828256311189,-1.2509427322395708,0.03235802691632805,-0.18913583783072044,0.001812760899089591,0.3444445904107722,0.21968110384795891,2.2026354652297715,0.0010232506564463132,-0.0031779982212206026,0.035536025137548825,-0.007199258784029683,-0.2276605522250804,0.40883090999413874,7.366646276707467e-06,0.007366646276707467,0,0,0.0,500,1.3373425994975873e-07,3.6872440184322358e-09,True,0.0,-0.003888043330678845,4.229048626382729e-09,1.1660089387077743e-10,0.02922362588931092,2.325985314889457e-06,0.027938663662493524,2.3002573073740104e-06,0.9365034795069132,0.9613179458373083,0.9399458067083514
1000,2,baseline,1020265941,1.1596087924094018,0.15960879240940185,5.047273186027039,0.07977258482525061,0.017470383039290216,-0.0074932137956079115,-0.43359725307908953,0.06979541558156827,0.6998046485455204,0.002522630628867771,-0.14900329956008568,0.2287758843853362,-0.0214039592978435,-0.6768526232672377,0.41004082805740527,3.610174750023898e-05,0.03610174750023898,0,0,0.0,0,6.72567269554057e-07,6.230392667851838e-07,True,-4.163336342344337e-17,0.01568171767809425,2.1268444514712393e-08,-1.9702231547624738e-08,0.024884059231613728,3.611627921461035e-06,0.04175268558276733,4.319906744759407e-06,0.9883003405699207,0.8870755582386363,1.1490586793998796
1000,2,polished,1020265941,1.1599531961516636,0.1599531961516636,5.058164188629365,0.04538033547646272,-0.018352667443752246,-0.007148633014860906,-0.43359725307908953,0.07088163593507585,0.7106956511478475,0.0014350522108816462,-0.01313006706386747,0.058510402540330075,-0.002185459645023892,-0.06911030212658571,0.40982001254551836,8.440268635667714e-07,0.0008440268635667714,0,0,0.0,500,7.170992573966767e-07,7.307035431322851e-07,True,-2.7755575615628914e-17,0.015726963582724216,2.267666961788845e-08,-2.3106874906531072e-08,0.023269442363758278,3.7078731776864555e-06,0.037488473686159964,4.144924428112563e-06,0.9381117596726731,0.8578137195888655,1.0888019234532689
1000,3,baseline,1020266950,1.0718710703233636,0.0718710703233636,2.2727628009596326,0.06838409408212921,0.017478205290247045,-0.0033189705686438586,-0.1724504342960698,0.05422485936052604,0.5436862626439362,0.002162494930267699,-0.0975147980949323,0.1658988921770615,-0.01241631925576156,-0.39263849004013257,0.41117077354006815,2.019527797592069e-05,0.02019527797592069,0,0,0.0,0,3.6931679871250205e-07,4.2633649225577e-08,True,1.3877787807814457e-17,0.007063147107583814,1.1678822620934473e-08,-1.3481943651749706e-09,0.028855922033225276,3.7491268336035593e-06,0.0351884353685566,3.850913281573884e-06,0.9533408498663116,0.955250949275785,1.0548725186593184
1000,3,polished,1020266950,1.0771153659844512,0.07711536598445123,2.4386019910833867,0.1406098208460347,0.07338617333433542,-0.0035412780208010364,-0.1724504342960698,0.07076492553250033,0.7095254527676901,0.004446472952616937,0.010976148552270668,0.1296336722937641,-0.007324324078447643,-0.23161546409108333,0.41097401202932143,1.0736737526717555e-05,0.010736737526717555,0,0,0.0,500,4.14176019704372e-07,8.428712289839594e-08,True,0.0,0.007579159946220768,1.309739574488594e-08,2.6653928578146413e-09,0.028454527805906668,3.860592169971718e-06,0.0348039894334414,3.946886866842186e-06,0.9468245973707881,0.9485837739032786,1.049094267785827
1000,4,baseline,1020267959,0.8838458082743199,-0.11615419172568009,-3.6731180562903294,-0.022978494124015602,-0.0035030462268998974,0.0036518572657963655,0.3432132182271235,-0.02312730516291206,-0.23188622814949952,-0.0007266437863268491,0.19445297196797073,-0.21743146609198633,0.008869238427572009,0.28046994542217885,0.3975733240422503,6.444776992853285e-06,0.006444776992853285,0,0,0.0,0,2.927233436393801e-07,6.596271835395355e-07,True,1.0408340855860843e-17,-0.011469222664809497,9.256724902006034e-09,2.0859243065468602e-08,0.01688699605429017,1.644002386335598e-06,0.022266055875437674,2.039888657844402e-06,0.6406757184336849,0.7307624126200895,0.8391153143338372
1000,4,polished,1020267959,0.8814698229886393,-0.1185301770113607,-3.7482533081882954,0.0009048604588221383,0.027445832126342884,0.004079990678068968,0.3432132182271235,-0.030620962345589697,-0.3070214800474653,2.861420014502958e-05,-0.013195293527618644,0.014100153986440824,-1.76522748287528e-05,-0.0005582139434211758,0.3970042411941013,5.051057350158317e-10,5.051057350158317e-07,0,0,0.0,500,3.0735845222335413e-07,2.3362566220898685e-07,True,1.734723475976807e-17,-0.011692654144574901,9.71952767129843e-09,7.387892124455231e-09,0.01872462658028968,1.7039808852887803e-06,0.020119447225092867,1.4066421594434998e-06,0.7031949653241951,0.7694963829014735,0.7976420155360917
1000,5,baseline,1020268968,1.0408907268601044,0.04089072686010442,1.2930783205775531,-0.05635350770997825,-0.05059086064466292,-0.0018080196622898836,-0.1329205308902414,-0.003954627403025435,-0.03965112345621648,-0.0017820543850339075,-0.02673558715840831,-0.0296179205515699,0.007523433738080741,0.2379118643768981,0.4077449893021623,8.161556194041797e-06,0.008161556194041797,0,0,0.0,0,1.6889088907181462e-07,2.7763873060371055e-07,True,6.938893903907228e-18,0.004021085353338498,5.340798855177753e-09,8.779707553856209e-09,0.02832076970903851,2.6542342791987998e-06,0.029852397353313683,2.6718772443908843e-06,0.908800101800523,0.9463516120854121,0.971604699725426
1000,5,polished,1020268968,1.0414707735648578,0.041470773564857843,1.3114210079405133,0.00041551605914425557,0.004343780699439387,-0.0018030556185871793,-0.1329205308902414,-0.0021252090217079578,-0.02130843609325622,1.3139771512730825e-05,0.0158970309705123,-0.015481514911368044,-2.7721945681841764e-06,-8.766448952608948e-05,0.40760504421955107,3.6425973348741536e-11,3.6425973348741536e-08,0,0,0.0,500,1.6622250988787948e-07,3.633972675617697e-07,True,-6.071532165918825e-18,0.004079093618966967,5.2564172963555885e-09,1.1491630609768155e-08,0.02781475517217659,2.56185270826633e-06,0.02986131414397805,2.574522154506332e-06,0.8931761999573937,0.9378591520267151,0.9717497960934792
1000,6,baseline,1020269977,0.96099515919261,-0.03900484080738997,-1.233441367236333,0.2177873060297345,0.3241616621851462,0.003529855316915964,0.013113766474353259,-0.10990421147232764,-1.1019560159102448,0.006887039325260836,-0.011532575827177345,0.22931988185691166,-0.038795361702868666,-1.2268170563113348,0.38255838163452544,0.00014861532252280485,0.14861532252280485,0,0,0.0,0,1.3913116738363967e-07,3.6958942684446575e-07,True,1.3877787807814457e-17,-0.0037785462084756545,4.399713824504312e-09,-1.1687443879446896e-08,0.05907219649947619,2.3117772209672777e-06,0.05875368136951541,2.299985720481473e-06,1.8800544193172786,1.3667577961269155,1.363068061570917
1000,6,polished,1020269977,0.9593983197056294,-0.04060168029437061,-1.283937865601869,0.22494603510094585,0.3362166101953616,0.003669933430470465,0.013113766474353259,-0.11494050852488617,-1.1524525142757809,0.007113418215431732,0.04878585404690052,0.17616018105404524,-0.03802797332005193,-1.2025501049147937,0.38232776773350713,0.0001313382823763254,0.1313382823763254,0,0,0.0,500,1.874983014156171e-07,4.4403586654634995e-07,True,2.7755575615628914e-17,-0.003933378246176712,5.929216898861232e-09,-1.4041647010930303e-08,0.05894963868625074,2.9939526788548707e-06,0.05872294931304137,2.9055755002830414e-06,1.8771837636095345,1.3653392453618567,1.362711527623623
1000,7,baseline,1020270986,1.0937645461122723,0.09376454611227225,2.965095294866664,-0.023043485975334562,0.022852690706210932,-0.0054306036859212425,-0.3361910426310406,-0.040465572995624255,-0.4057285976799057,-0.0007286990091220385,0.11250900950649902,-0.13555249548183362,0.004996669361028348,0.15800855895627755,0.3923672161064384,3.216463153932203e-06,0.003216463153932203,0,0,0.0,0,2.9279673262072976e-07,6.561638949297824e-07,True,0.0,0.009179929694536628,9.259045665368279e-09,-2.0749724263455227e-08,0.035344643551661295,2.1310945024115064e-06,0.04042754275867134,2.1843587884806563e-06,1.1872009707260303,1.0572113161995236,1.1306772984421698
1000,7,polished,1020270986,1.0947744905128092,0.09477449051280917,2.9970325410249643,0.05238631808353025,0.09537009229104582,-0.0057034806649249314,-0.3361910426310406,-0.03728029354259066,-0.373791351521605,0.0016566008337402251,-0.013276192890402334,0.06566251097393251,-9.113227340330349e-05,-0.002881855523036236,0.39201669473392825,6.086379661374153e-08,6.086379661374153e-05,0,0,0.0,500,3.2154163313076357e-07,3.2054518626398274e-07,True,-2.7755575615628914e-17,0.009272027947347066,1.0168039232634705e-08,-1.0136528815971046e-08,0.036811258013246945,2.2860314216436038e-06,0.04445524652380983,2.249887929762838e-06,1.2350847466113384,1.0789226981484126,1.1856636663047486
1000,8,baseline,1020271995,0.9411191441536547,-0.05888085584634528,-1.861976150544924,0.03466552700651225,0.1253862530543044,0.0028233623573137856,0.09216116448276239,-0.09354408840510593,-0.9379210276832818,0.0010962202163065733,0.11986240409128807,-0.08519687708477587,-0.007660522220002595,-0.24224698281537682,0.39725525632132175,3.0216609198663313e-06,0.0030216609198663313,0,0,0.0,0,4.5234877836878286e-07,7.483784365456591e-07,True,0.0,-0.005783233168741317,1.4304524364400595e-08,2.3665804112400768e-08,0.030416547410884807,5.161137610699176e-06,0.03523582095422362,4.724407427804763e-06,0.989264371096326,0.9807424145864876,1.0555825379440218
1000,8,polished,1020271995,0.942678685545707,-0.057321314454293004,-1.8126591215029757,0.06273857590067834,0.14871773064892424,0.002646271649705406,0.09216116448276239,-0.0886254263979513,-0.8886039986413335,0.001983967970014934,-0.0021921076077435282,0.06493068350842174,-0.009466388435887992,-0.29935348673284884,0.39705202249559396,2.454536935370122e-07,0.0002454536935370122,0,0,0.0,500,4.0645584229578063e-07,6.880220672760702e-07,True,0.0,-0.00563329151879481,1.285326229936869e-08,2.1757168130499827e-08,0.02928124018161484,4.770782303091923e-06,0.032980438257728784,4.166712869724179e-06,0.9519301177589817,0.9622650969891059,1.0212409271321743
1000,9,baseline,1020273004,1.0300336329296487,0.030033632929648668,0.9497468646712538,0.11386554436370132,0.005333907272595861,-0.001208024641976349,0.0150161167340666,0.1097396617330818,1.1003061557943379,0.003600744672042442,-0.009725836685219749,0.12359138104892112,-0.03419563438264058,-1.0813609068351004,0.39093591817837264,7.526814627295542e-05,0.07526814627295542,0,0,0.0,0,5.278739279310709e-08,7.839865556555615e-08,True,0.0,0.002957220409040853,1.6692839296817586e-09,2.479183170821936e-09,0.026173878234487365,1.2351752555125345e-06,0.025724805077130732,1.2683561454064787e-06,0.8348217913862731,0.9097750844076066,0.9019366740941219
1000,9,polished,1020273004,1.0210542116483545,0.021054211648354526,0.6657926314804838,0.14229415426210554,0.061682613521298224,-0.0008077836625830365,0.0150161167340666,0.08141932440339034,0.816351922603568,0.004499736251956096,0.011234076603010913,0.13106007765909464,-0.025441289108878166,-0.8045242019489052,0.39048237608866004,6.568089460434745e-05,0.06568089460434745,0,0,0.0,500,4.305920975974894e-08,7.417461417486027e-08,True,-1.3877787807814457e-17,0.0020743094394578875,1.3616517708775832e-09,2.345607253567694e-09,0.02505586854759896,1.3750398480770598e-06,0.024752593153890484,1.3828464993251496e-06,0.7958405683861536,0.8901326494640432,0.8847291809462636
1000,10,baseline,1020274013,0.9795857639507044,-0.020414236049295598,-0.6455548260809146,0.06267889357909719,0.04444185513676914,0.0010424510706964901,0.08157936598184914,0.017194587371631556,0.17240175550537917,0.0019820806492925032,-0.2498683864601417,0.3125472800392391,-0.003686367073689597,-0.11657316244308893,0.38144431714048654,3.0777210007770783e-06,0.0030777210007770783,0,0,0.0,0,1.3222080059434083e-07,2.349921655703704e-07,True,0.0,-0.002003060273212959,4.18118883929062e-09,7.431104754977713e-09,0.03285671980227364,4.281294774042412e-06,0.032622361120000484,4.219142052225338e-06,1.042315337322014,1.019323653297332,1.0156818586138232
1000,10,polished,1020274013,0.9769059775478177,-0.023094022452182283,-0.7302971128396301,0.051201864060348296,0.04129890280728202,0.0011601941629232476,0.08157936598184914,0.00874276709014303,0.08765946874666367,0.0016191451087701765,-0.004655488465375102,0.05585735252572347,-0.00027145909340423854,-0.00858429026721785,0.38110054277312233,3.1725670912585713e-07,0.00031725670912585713,0,0,0.0,500,1.2848407916110159e-07,2.757952812424731e-07,True,0.0,-0.0022666069343501723,4.063023332184572e-09,8.72141256652928e-09,0.032293618870052145,3.691052275688505e-06,0.03242957535025256,3.665565343764287e-06,1.0254302696677497,1.0105512828093286,1.0126762644540004
2000,1,baseline,2020267932,0.9619752129828891,-0.03802478701711087,-1.7005201720042276,0.023865354929035618,-0.1501167658754714,0.0011047335337557862,0.342479736092752,0.17287738727075125,1.7333573879087938,0.0005336455592848331,0.03413770685034255,-0.01027235192130674,-0.00619864446010323,-0.2772118076228661,0.4034939838150592,2.2548125109822514e-06,0.004509625021964503,0,0,0.0,0,3.059976337446582e-08,5.475812098132751e-08,True,0.0,-0.0037677212183112358,6.842315100071392e-10,-1.224428808344058e-09,0.012833364706871997,3.678593838688825e-07,0.012164864852030206,3.0718608435212713e-07,0.5900909966319393,0.7575787201949701,0.7375834155705707
2000,1,polished,2020267932,0.9640641712405111,-0.035935828759488864,-1.6070991186801808,0.053327112460404044,-0.12993654669500013,0.001068869872003192,0.342479736092752,0.182194789283401,1.8267784412328405,0.001192430485052395,0.0014345779826331446,0.05189253447777114,-0.003612711590997087,-0.16156537401141807,0.4033983589941344,7.030574911692788e-07,0.0014061149823385577,0,0,0.0,500,6.280109620651858e-08,8.462196293928076e-08,True,2.7755575615628914e-17,-0.0035601797114274626,1.404275201792797e-09,-1.892204615216997e-09,0.013199852915629588,7.871283144244094e-07,0.012453505462108164,7.076733014360287e-07,0.6047534779290352,0.7683198346046592,0.7462825841655262
2000,2,baseline,2020268941,1.050671935268784,0.05067193526878411,2.266117836249407,0.10486974745435416,0.12172122128301355,-0.0019838847540313564,-0.24088014338755273,-0.01486758907462804,-0.1490700766002304,0.0023449588409117142,-0.14050193465215158,0.24537168210650576,-0.022502779062766105,-1.0063548733400804,0.38989209592302493,3.229066821458515e-05,0.0645813364291703,0,0,0.0,0,1.1337064048832472e-07,3.283390315034253e-08,True,-1.3877787807814457e-17,0.005009433340425233,2.53504458784584e-09,-7.34188394108104e-10,0.017268513597943895,1.1080257463486657e-06,0.019777716318156294,1.1042149923564921e-06,0.8009785495851073,0.878789739077352,0.9404713512606785
2000,2,polished,2020268941,1.0446422434300646,0.04464224343006462,1.9964618195543575,0.09905263313050035,0.14251944887212672,-0.001704930110925873,-0.24088014338755273,-0.04176188563070049,-0.41872609329527977,0.0022148842103014658,0.03529838514433883,0.06375424798616156,-0.011449471033237336,-0.5120359107346688,0.3897504199554863,9.26990370425651e-06,0.01853980740851302,0,0,0.0,500,1.56808810893173e-07,1.4605037871520138e-07,True,1.3877787807814457e-17,0.004414296202807299,3.5063516062804438e-09,-3.2657857494677867e-09,0.0169671295638144,1.6290484846081532e-06,0.01866719946321369,1.744384468937392e-06,0.7810747353915509,0.8710873100640985,0.9136862366183851
2000,3,baseline,2020269950,0.9014348929764733,-0.09856510702352672,-4.407965590282955,0.01959067016259614,0.0382485820303064,0.004103166279957604,0.4168698829819644,-0.022761078147667868,-0.22821424818412028,0.0004380607020834182,0.10222648089879623,-0.08263581073620019,-0.0076344475061840625,-0.3414228718896262,0.39578653150887066,2.120481774114946e-06,0.004240963548229892,0,0,0.0,0,6.105547673136979e-07,8.420297052229473e-08,True,-3.469446951953614e-18,-0.009738697553744553,1.3652419636999951e-08,-1.8828356599526197e-09,0.01648085631011235,2.8940734098382958e-06,0.021543044183467475,2.4748382864761526e-06,0.8456642007769171,0.8585140073035217,0.9815468530489487
2000,3,polished,2020269950,0.8972401238976783,-0.10275987610232173,-4.595561366484951,0.0506418844571621,0.08785727842691105,0.0042556558658442545,0.4168698829819644,-0.04147104983559319,-0.41581002438611675,0.0011323869615490448,0.003092461904277658,0.04754942255288429,-0.00018418277073068196,-0.00823690391276127,0.39566836517098236,2.7320307127709498e-08,5.4640614255418996e-05,0,0,0.0,500,7.39518754039573e-07,3.1855427154739603e-07,True,1.3877787807814457e-17,-0.010153655468458495,1.6536142046684322e-08,7.123090057029047e-09,0.01616957237329267,3.3632129184850597e-06,0.02076383033952111,3.143048483418565e-06,0.8411850890358529,0.8503677203867162,0.9636320471263057
2000,4,baseline,2020270959,1.092455532560648,0.09245553256064798,4.134737114031082,0.19911865681961613,0.09672418601045923,-0.005074636514252329,-0.30491125595959034,0.10746910732340925,1.0775404122648446,0.004452428522371137,-0.02029344719756224,0.21941210401717837,-0.024534460207406614,-1.0972144163004955,0.4074609413422923,5.8614579368732045e-05,0.11722915873746409,0,0,0.0,0,5.858598286824416e-07,2.144656068045523e-06,True,2.7755575615628914e-17,0.009107632926798746,1.3100224022203204e-08,-4.795596756507203e-08,0.02334370458565669,3.321147936001408e-06,0.02630835672964485,3.4369425539963265e-06,1.1395320364730435,1.0217446872893632,1.084686812161003
2000,4,polished,2020270959,1.0891269963945303,0.08912699639453026,3.9858804513709667,0.15338313837299614,0.06564577597522875,-0.004885440811998598,-0.30491125595959034,0.09262280320976596,0.9286837496047293,0.0034297512400427582,0.02941001401400233,0.12397312435899377,-0.02515035966345254,-1.1247582773209723,0.4073634324437903,3.898298807386569e-05,0.07796597614773138,0,0,0.0,500,5.75773675284866e-07,2.4174908566516635e-06,True,-2.7755575615628914e-17,0.008779890019184236,1.2874690775918511e-08,-5.405673890457319e-08,0.023473417802463478,3.3808697251930916e-06,0.025899700918004736,3.510602739039737e-06,1.1385755455658337,1.0245795027284321,1.0762294536907293
2000,5,baseline,2020271968,1.0617821631394961,0.06178216313949614,2.762982331537904,0.06686086469878837,0.09207560606050907,-0.0014928382809852314,-0.2992895210938851,-0.023721903080735462,-0.23784797196091098,0.0014950543850090678,-0.08940671892351237,0.1562675836223009,-0.007382648816397,-0.33016209214944114,0.40006055984596983,7.96255039647864e-06,0.01592510079295728,0,0,0.0,0,9.71323925129958e-08,9.054814508020732e-08,True,1.3877787807814457e-17,0.006128498383994012,2.171946324762502e-09,2.024718076358567e-09,0.010004576499560809,7.360458042571006e-07,0.012713897976817367,8.001794254421934e-07,0.4900940190719524,0.6688933119581159,0.7540442975735667
2000,5,polished,2020271968,1.0660014805669145,0.06600148056691446,2.951675943265042,0.07358099126202577,0.0800456421777827,-0.001562212774923244,-0.2992895210938851,-0.004902438140833687,-0.049154360233772613,0.0016453209831370766,0.013059265119375444,0.06052172614265055,-0.01459807066090271,-0.6528455667624748,0.3998988616311808,4.85927039178824e-06,0.00971854078357648,0,0,0.0,500,7.758586045656878e-08,2.1184863768604645e-08,True,0.0,0.006547763152208456,1.7348725807370065e-09,4.737079548067236e-10,0.009641441690820447,5.521693720432815e-07,0.012179127514552376,6.472258287491564e-07,0.4798821260378097,0.6566417443595104,0.7380156777356044
2000,6,baseline,2020272977,1.0486063216008443,0.04860632160084433,2.173740784714086,0.11316378049080919,0.07838640324051521,-0.0026909018774223525,-0.179330997286143,0.03746827912771636,0.3756761914532015,0.0025304190576831385,0.06256465400218877,0.0505991264886204,-0.01839323299216876,-0.8225703859296241,0.38648278684311826,2.3235952723466013e-05,0.04647190544693203,0,0,0.0,0,2.8105913504766433e-07,3.537797726940021e-07,True,2.7755575615628914e-17,0.004787608800154581,6.28467331663871e-09,-7.910756208082126e-09,0.0246474474165106,2.674372611207205e-06,0.02889700372520749,2.756733335403605e-06,1.1286817438180565,1.0498892122044998,1.1367995837053124
2000,6,polished,2020272977,1.0446051329924886,0.04460513299248858,1.9948021903324618,0.0695204596530227,0.05247257307042896,-0.00257384982151454,-0.179330997286143,0.019621736404108275,0.19673759707157687,0.001554524736111902,-0.0068537784999353505,0.07637423815295807,-0.005254115924850817,-0.23497120739261207,0.3863200206840988,4.483107617136994e-06,0.008966215234273989,0,0,0.0,500,2.7240503045672706e-07,4.29181643120773e-07,True,0.0,0.004391165336760322,6.091161655141423e-09,-9.596793287131034e-09,0.02578478556051755,2.8064236106122615e-06,0.02984104126332685,2.868093416180011e-06,1.175375270219817,1.0738392179332272,1.1552194318325417
2000,7,baseline,2020273986,0.9551484839588734,-0.04485151604112658,-2.005820775237626,-0.021793928269797175,-0.13528080663072042,0.001208577250474241,0.312329979647916,0.11227830111044898,1.1257598567639386,-0.00048732705108020855,0.0859059714138507,-0.10769989968364795,0.0014499764592443701,0.0648449185728973,0.3920751941101328,6.239261062801482e-07,0.0012478522125602964,0,0,0.0,0,1.7501510594253704e-07,8.753108165752489e-07,True,-2.7755575615628914e-17,-0.004446266913345917,3.913456739768402e-09,-1.957254487303106e-08,0.011721236873879926,1.804709607061566e-06,0.012632449231115056,1.6243547878301379e-06,0.5466806742765018,0.7240094257725191,0.7516251087222701
2000,7,polished,2020273986,0.9511573033713806,-0.0488426966286194,-2.1843117973198556,0.008355707997064157,-0.08736928544397635,0.0012485961757583153,0.312329979647916,0.09447639726528217,0.9472688346817089,0.0001868393108157407,0.01865476195058878,-0.010299053953524779,-1.2360082073696934e-06,-5.527596744852582e-05,0.3919616217173998,2.3093493783932217e-10,4.6186987567864435e-07,0,0,0.0,500,1.8909123228163383e-07,9.107148897781929e-07,True,-1.3877787807814457e-17,-0.004843434734239779,4.228208493309359e-09,-2.0364204016652676e-08,0.010995237279107138,1.803427652262494e-06,0.01169558727727361,1.7712325824354102e-06,0.5183938793111699,0.7012288925140405,0.7232168165739161
2000,8,baseline,2020274995,1.1747635001890442,0.17476350018904419,7.815661328170004,0.028203106964685885,0.014827427691323503,-0.008457955298564745,-0.7576658037044307,0.021833634571927107,0.2189152230238136,0.000630640643497354,0.4053945680932641,-0.3771914611285782,-0.012831392370790288,-0.5738373117411855,0.37840025961076834,6.04703966600173e-06,0.01209407933200346,0,0,0.0,0,6.236084434209845e-07,5.822833178188769e-07,True,-2.0816681711721685e-17,0.017241011694105923,1.3944308708321526e-08,1.3020250808071232e-08,0.014425602917945946,1.6378578276064684e-06,0.018556842904697186,1.440027592463139e-06,0.9866056573197151,0.8032014534467234,0.9109814727280414
2000,8,polished,2020274995,1.1686356571227532,0.1686356571227532,7.541615855136455,0.09029417844748196,0.10289397697970815,-0.007101351617729956,-0.7576658037044307,-0.005498446914496191,-0.05513025000973494,0.002019039209810661,0.06229173725713007,0.028002441190351987,-0.012263063097410381,-0.5484208539635748,0.37808731425203246,1.3760824419839501e-05,0.027521648839679003,0,0,0.0,500,4.7149296668410294e-07,2.0619099525980505e-07,True,4.163336342344337e-17,0.016660182352892593,1.0542903244186977e-08,4.61057081749261e-09,0.01205034723183498,1.2825750492893586e-06,0.020691080356945203,1.3734979045772295e-06,0.8568542476317662,0.7341034744892498,0.9619424328517802
2000,9,baseline,2020276004,0.959580944506455,-0.040419055493544964,-1.8075951133980572,0.05458557704364609,-0.07086248380353996,0.0017844275985686164,0.3039451623939942,0.12366363324861743,1.2399150385783309,0.0012205706086064465,0.008048126863041006,0.04653745018060492,-0.010805175717185667,-0.4832221482491439,0.38345457488003243,7.816568599050555e-06,0.01563313719810111,0,0,0.0,0,1.6789565011348416e-07,3.8983743038260115e-08,True,0.0,-0.003991316528453459,3.754260867802708e-09,-8.71702994509338e-10,0.019623458502409104,1.9237232985951575e-06,0.018086676634880474,1.8863721473869767e-06,0.8958530651002337,0.9367965324982045,0.8993668711115602
2000,9,polished,2020276004,0.9559287614371053,-0.04407123856289474,-1.970925705584856,-0.001019883789567692,-0.11034231282405416,0.0019486655124485164,0.3039451623939942,0.10737376352203795,1.0765844463915322,-2.28052948262345e-05,-0.010531636887673706,0.009511753098105905,1.2056220149036672e-06,5.3917055609897294e-05,0.38337155424296715,2.749461769369077e-11,5.498923538738154e-08,0,0,0.0,500,2.2425902027046507e-07,1.0344757426973808e-07,True,0.0,-0.0043518966175867535,5.014584138922632e-09,-2.313158081745925e-09,0.01957574529878325,2.349235255244798e-06,0.018037261497888,2.2085597026492186e-06,0.8971692282061686,0.9356569584874712,0.8981374375586094
2000,10,baseline,2020277013,0.9776779323177015,-0.022322067682298496,-0.9982732147194124,0.16118480031152985,0.21790109812069675,0.001079275808082425,0.04176777456870854,-0.05779557361724932,-0.5794880759100585,0.0036042017043631,0.6648488482995267,-0.5036640479879969,-0.028264274288480284,-1.2640167728748284,0.39353295963220525,6.624155004775201e-05,0.13248310009550401,0,0,0.0,0,1.3658936761290604e-07,1.1360304437906125e-07,True,6.938893903907228e-18,-0.002202170805379388,3.0542311098616605e-09,-2.540241296825063e-09,0.02190371550534339,2.8778820241985234e-06,0.024490763125925172,3.013259233534238e-06,0.9851348171613777,0.9897292238765507,1.0465468089905383
2000,10,polished,2020277013,0.9761776079113068,-0.02382239208869319,-1.0653697619394236,0.10329794519378319,0.16707659194941957,0.0007088392503663554,0.04176777456870854,-0.06448748600600274,-0.6465846231300697,0.0023098122738934687,0.03110639226506618,0.07219155292871712,-0.012376309021083533,-0.5534853656337332,0.3924314337208742,4.391343693732619e-06,0.008782687387465238,0,0,0.0,500,7.552615825389773e-08,1.4063866159151371e-08,True,0.0,-0.002360089728630686,1.6888162393512213e-09,-3.144776075832134e-10,0.013333608362008243,1.4495233305187249e-06,0.014502288306138738,1.5498254063912223e-06,0.6026420077032908,0.7722027542402325,0.8053335021197926
