case,case_name,epoch,metric,repetitions,mean,sd,mcse,mc_sd_available
1,linear,1,theta_error_l2,10,1.2971253737814776,0.4488224079583497,0.1419301074069668,True
1,linear,1,train_check_loss,10,1.8774813239285641,0.2024164439784595,0.06400969988438067,True
1,linear,1,validation_check_loss,10,1.797945340000235,0.19084962221286883,0.060351949677533,True
1,linear,1,test_check_loss,10,1.8405415740461315,0.1896974304682936,0.059987594656122925,True
1,linear,1,m_l2_error,10,4.527597988584381,0.16928215867406612,0.05353171886400781,True
1,linear,1,q_l2_error,10,3.9471969743429844,0.40611386603313276,0.12842448060411896,True
1,linear,1,linear_error_mse,10,0.8934318702098215,0.6959028196823451,0.2200637940329664,True
1,linear,1,nonlinear_error_mse,10,20.524934350554147,1.5428606437956294,0.4878953746627922,True
1,linear,1,cross_error_moment,10,-2.8447833207678084,1.9640348025063306,0.6210823379758984,True
1,linear,1,cancellation_fraction,10,0.25935442629495664,0.17221314328845272,0.054458577580845005,True
1,linear,1,q_mse,10,15.728799579228355,3.2864772590277456,1.0392753616874848,True
1,linear,1,decomposition_residual,10,1.7763568394002506e-16,2.7069616357433454e-15,8.560164307644035e-16,True
1,linear,2,theta_error_l2,10,1.3024363744420977,0.4537535723216893,0.1434894784974475,True
1,linear,2,train_check_loss,10,1.5388385269724068,0.18671483370418912,0.05904441474448112,True
1,linear,2,validation_check_loss,10,1.4697709976102904,0.1819974508308895,0.05755264729701149,True
1,linear,2,test_check_loss,10,1.5059131156078238,0.18740632680061892,0.05926308406158118,True
1,linear,2,m_l2_error,10,3.796690371904444,0.3136360210513055,0.09918041827946429,True
1,linear,2,q_l2_error,10,3.185823748388911,0.42259814299489024,0.13363726668213835,True
1,linear,2,linear_error_mse,10,0.9722434522307342,0.7475943372696061,0.236410087161606,True
1,linear,2,nonlinear_error_mse,10,14.50338857844271,2.4254805650994973,0.7670043006186716,True
1,linear,2,cross_error_moment,10,-2.582714401729107,1.6780044274842845,0.5306315914697184,True
1,linear,2,cancellation_fraction,10,0.32130792722222773,0.19147984592548414,0.060551243914264176,True
1,linear,2,q_mse,10,10.31020322721523,2.9064532696483205,0.9191012244932226,True
1,linear,2,decomposition_residual,10,-1.7763568394002506e-16,2.3236425370911444e-15,7.3480028852603e-16,True
1,linear,5,theta_error_l2,10,1.3098897692663825,0.4563583237646316,0.14431317322727827,True
1,linear,5,train_check_loss,10,0.7292135953824459,0.044894918181507294,0.014197019682046771,True
1,linear,5,validation_check_loss,10,0.6894173662157254,0.04542318583988449,0.014364072583514338,True
1,linear,5,test_check_loss,10,0.7220226580081369,0.03797739482809728,0.012009506725628618,True
1,linear,5,m_l2_error,10,1.4857253369572991,0.30366648638155896,0.09602777460262292,True
1,linear,5,q_l2_error,10,1.0711148028709534,0.14966785839860075,0.047329132505913946,True
1,linear,5,linear_error_mse,10,1.131236987051237,0.8330350015527145,0.263428797554848,True
1,linear,5,nonlinear_error_mse,10,2.2903717783330686,0.9248462344948596,0.2924620586433941,True
1,linear,5,cross_error_moment,10,-1.1270807117005814,0.9106880411213465,0.2879848447820536,True
1,linear,5,cancellation_fraction,10,0.5422239533281273,0.3288807136742676,0.10400121337123695,True
1,linear,5,q_mse,10,1.1674473419831428,0.3366983302300481,0.10647336079024766,True
1,linear,5,decomposition_residual,10,1.4432899320127036e-16,3.393805686290811e-16,1.0732155904709845e-16,True
1,linear,10,theta_error_l2,10,1.2747260833113168,0.44672008172568084,0.14126529347897132,True
1,linear,10,train_check_loss,10,0.6256942999222367,0.043893056325259465,0.013880203145388037,True
1,linear,10,validation_check_loss,10,0.6109113620460226,0.032421276292918494,0.010252507773524284,True
1,linear,10,test_check_loss,10,0.6363188164323444,0.02445018959399408,0.007731828833996885,True
1,linear,10,m_l2_error,10,0.9854462394505485,0.3606035391116271,0.11403285159103528,True
1,linear,10,q_l2_error,10,0.7105354773570922,0.11623210145842873,0.03675581778364136,True
1,linear,10,linear_error_mse,10,1.161746627676036,0.8339642427413178,0.26372264942001084,True
1,linear,10,nonlinear_error_mse,10,1.0881357120250754,0.7270062553179573,0.2298995639994645,True
1,linear,10,cross_error_moment,10,-0.8664313819247711,0.7092303973893276,0.22427834415766126,True
1,linear,10,cancellation_fraction,10,0.6479961435781569,0.2331929705926215,0.07374209214133488,True
1,linear,10,q_mse,10,0.5170195758515691,0.17101050524775374,0.0540782700399079,True
1,linear,10,decomposition_residual,10,1.1102230246251566e-17,3.3593293237259476e-16,1.0623132073567113e-16,True
1,linear,20,theta_error_l2,10,1.1369159152494546,0.4112830677669201,0.1300591257204849,True
1,linear,20,train_check_loss,10,0.5902592989762281,0.04204984350203693,0.013297328072006787,True
1,linear,20,validation_check_loss,10,0.590718834552776,0.02763426440835073,0.008738721699371366,True
1,linear,20,test_check_loss,10,0.6155295888114612,0.024796562316147554,0.00784136150613265,True
1,linear,20,m_l2_error,10,0.9045790535713515,0.3196279238070258,0.10107522430209585,True
1,linear,20,q_l2_error,10,0.5961420733515349,0.13439832284187772,0.04250048138869675,True
1,linear,20,linear_error_mse,10,0.9948098254508959,0.6992434444514016,0.22112019234078564,True
1,linear,20,nonlinear_error_mse,10,0.9102090728695129,0.6070465796723422,0.19196498375794718,True
1,linear,20,cross_error_moment,10,-0.766688454218052,0.5835092285617308,0.1845218197982846,True
1,linear,20,cancellation_fraction,10,0.7301869861170613,0.17277894938022803,0.054637501177245834,True
1,linear,20,q_mse,10,0.37164198988430547,0.1622042046274268,0.05129347326786922,True
1,linear,20,decomposition_residual,10,4.9960036108132046e-17,3.570785935996118e-16,1.129181659464396e-16,True
1,linear,30,theta_error_l2,10,0.9759000723567246,0.3684431476937015,0.1165119534993911,True
1,linear,30,train_check_loss,10,0.5725164211442992,0.03850085502481857,0.012175039374236526,True
1,linear,30,validation_check_loss,10,0.5833244357404475,0.026945739523530802,0.00852099101319776,True
1,linear,30,test_check_loss,10,0.607229465929943,0.020674428411858927,0.00653782831035719,True
1,linear,30,m_l2_error,10,0.854208173394192,0.27966735691392947,0.08843858350472558,True
1,linear,30,q_l2_error,10,0.5505667643500773,0.12168409460511136,0.03847988939675592,True
1,linear,30,linear_error_mse,10,0.7909302128450812,0.5481958667485926,0.17335475428157157,True
1,linear,30,nonlinear_error_mse,10,0.8000640509643429,0.4712088606343576,0.1490093253257424,True
1,linear,30,cross_error_moment,10,-0.6372720924053158,0.4440774746220391,0.14042962773812645,True
1,linear,30,cancellation_fraction,10,0.7380512406032365,0.1515727018939109,0.04793149690904758,True
1,linear,30,q_mse,10,0.3164500789987926,0.13486831810163674,0.04264910693972885,True
1,linear,30,decomposition_residual,10,8.604228440844963e-17,2.885779111354576e-16,9.125634816017133e-17,True
1,linear,50,theta_error_l2,10,0.6842353277759674,0.28270134351651605,0.08939801431018655,True
1,linear,50,train_check_loss,10,0.5430825721587443,0.031070833043860314,0.009825460121742095,True
1,linear,50,validation_check_loss,10,0.5727784097519484,0.03194152112800283,0.010100795869487963,True
1,linear,50,test_check_loss,10,0.5969821485130573,0.018007269555821964,0.005694398623700597,True
1,linear,50,m_l2_error,10,0.6856681970061116,0.2158751596068824,0.06826571946101274,True
1,linear,50,q_l2_error,10,0.49498255711438344,0.10508244413360464,0.03322998655595897,True
1,linear,50,linear_error_mse,10,0.4610299371305667,0.3259898363106063,0.1030870376806977,True
1,linear,50,nonlinear_error_mse,10,0.5120827524673791,0.32012240423332916,0.10123159274264482,True
1,linear,50,cross_error_moment,10,-0.3590834348459345,0.27181580550517037,0.08595570494296734,True
1,linear,50,cancellation_fraction,10,0.6615179585324032,0.1944547345731419,0.06149198630546184,True
1,linear,50,q_mse,10,0.2549458199060768,0.11226055594103046,0.03549990481704032,True
1,linear,50,decomposition_residual,10,-4.718447854656915e-17,1.102874315590204e-16,3.487594810164393e-17,True
1,linear,75,theta_error_l2,10,0.4436552355133837,0.19586459584535024,0.06193782358596594,True
1,linear,75,train_check_loss,10,0.5156765361946565,0.0245173683282386,0.0077530726150508685,True
1,linear,75,validation_check_loss,10,0.5727080929226327,0.03370452404048098,0.010658306341982107,True
1,linear,75,test_check_loss,10,0.5964661103101794,0.014637644795919382,0.00462882971356158,True
1,linear,75,m_l2_error,10,0.5987749925775654,0.16440186881823068,0.051988435705382335,True
1,linear,75,q_l2_error,10,0.4945565858018003,0.08710393217422868,0.02754468188273851,True
1,linear,75,linear_error_mse,10,0.22937185508121413,0.17283676319165842,0.05465578350967938,True
1,linear,75,nonlinear_error_mse,10,0.3828566687600976,0.20531866831084405,0.06492746380149035,True
1,linear,75,cross_error_moment,10,-0.18040696089059347,0.14788860281119093,0.04676648248633436,True
1,linear,75,cancellation_fraction,10,0.48382730063495866,0.29040863710484766,0.09183527454366056,True
1,linear,75,q_mse,10,0.25141460206012484,0.09034452675348525,0.02856944786710309,True
1,linear,75,decomposition_residual,10,-5.551115123125783e-18,5.967269455082414e-17,1.8870162890012256e-17,True
1,linear,100,theta_error_l2,10,0.31106430267287377,0.15576603689633714,0.04925754586902504,True
1,linear,100,train_check_loss,10,0.4991359937456502,0.028245350283721826,0.008931964020584411,True
1,linear,100,validation_check_loss,10,0.5839568433731342,0.02711971094381651,0.008576005606785486,True
1,linear,100,test_check_loss,10,0.6049410612520634,0.019273920184171966,0.006094948722227542,True
1,linear,100,m_l2_error,10,0.6444345299762102,0.17917698613600305,0.05666073804741818,True
1,linear,100,q_l2_error,10,0.5429872949251168,0.10964867586911406,0.034673955816794305,True
1,linear,100,linear_error_mse,10,0.12988166263453196,0.10466389310735291,0.03309762909996333,True
1,linear,100,nonlinear_error_mse,10,0.44418981655036244,0.25215832861154197,0.07973946493936762,True
1,linear,100,cross_error_moment,10,-0.13420786391346684,0.13067085956311095,0.04132175400314254,True
1,linear,100,cancellation_fraction,10,0.390853828081532,0.2403392646178704,0.0760019487362388,True
1,linear,100,q_mse,10,0.30565575135796064,0.11838436178536141,0.03743642225871396,True
1,linear,100,decomposition_residual,10,-1.9428902930940238e-17,7.052077070509034e-17,2.2300625777856386e-17,True
1,linear,150,theta_error_l2,10,0.20372826687681395,0.10539885722064148,0.03333004515961112,True
1,linear,150,train_check_loss,10,0.4601606953037754,0.027849431639202508,0.008806763552103653,True
1,linear,150,validation_check_loss,10,0.5993533872288828,0.021848980748525086,0.006909254371850987,True
1,linear,150,test_check_loss,10,0.6209358599521981,0.02088492867178232,0.006604394337298729,True
1,linear,150,m_l2_error,10,0.6594014982196453,0.10129510452053989,0.032032324610972426,True
1,linear,150,q_l2_error,10,0.6371866216752501,0.1210134325772376,0.03826780744192908,True
1,linear,150,linear_error_mse,10,0.06383986020908752,0.05226620574228557,0.01652802548005939,True
1,linear,150,nonlinear_error_mse,10,0.4440449642341574,0.12147404135159032,0.038413464725650395,True
1,linear,150,cross_error_moment,10,-0.04434910391180677,0.04181979919362786,0.013224581674273699,True
1,linear,150,cancellation_fraction,10,0.18103891822573642,0.16021735659276468,0.05066517675245307,True
1,linear,150,q_mse,10,0.41918661661963136,0.14300039913070642,0.04522069675661946,True
1,linear,150,decomposition_residual,10,-1.1102230246251566e-17,3.2579155783620455e-17,1.030243365216884e-17,True
1,linear,200,theta_error_l2,10,0.16255593107310146,0.08928968143844263,0.02823587648963383,True
1,linear,200,train_check_loss,10,0.4312245347453979,0.02914949127779128,0.009217878507303238,True
1,linear,200,validation_check_loss,10,0.6218850354129367,0.024208321303886404,0.007655343364945822,True
1,linear,200,test_check_loss,10,0.6407734426504798,0.020975489215556694,0.0066330320957457695,True
1,linear,200,m_l2_error,10,0.7600217568037757,0.11429505987842867,0.03614327145211622,True
1,linear,200,q_l2_error,10,0.7405855153147417,0.11216597627424578,0.03546999610030239,True
1,linear,200,linear_error_mse,10,0.04168883063834036,0.03880252235943121,0.012270434961541335,True
1,linear,200,nonlinear_error_mse,10,0.5893900954564496,0.16758180822360857,0.052994020839613895,True
1,linear,200,cross_error_moment,10,-0.03564446749529458,0.04015898771560446,0.012699386970803235,True
1,linear,200,cancellation_fraction,10,0.10530228390916507,0.11858861063410647,0.037501011415864115,True
1,linear,200,q_mse,10,0.5597899911042008,0.15758309402551407,0.04983214978570963,True
1,linear,200,decomposition_residual,10,1.6653345369377347e-17,9.083798682610206e-17,2.872549364348521e-17,True
1,linear,300,theta_error_l2,10,0.14948901296182804,0.09276360639023781,0.029334428016450174,True
1,linear,300,train_check_loss,10,0.38483424870838606,0.024781832544697336,0.007836703543413008,True
1,linear,300,validation_check_loss,10,0.655132781660721,0.03144838970654522,0.009944854021727715,True
1,linear,300,test_check_loss,10,0.6773373884755071,0.025101741317579435,0.007937867579990703,True
1,linear,300,m_l2_error,10,0.9374261447290317,0.12020566372053645,0.0380123685009165,True
1,linear,300,q_l2_error,10,0.9144348797301329,0.11629153580206406,0.03677461257335384,True
1,linear,300,linear_error_mse,10,0.03410236718817576,0.03570400978366256,0.011290599251730937,True
1,linear,300,nonlinear_error_mse,10,0.8917722382529807,0.2109888257500305,0.06672052502144803,True
1,linear,300,cross_error_moment,10,-0.03875605350240546,0.04961241251193703,0.015688822375355665,True
1,linear,300,cancellation_fraction,10,0.07707629787250407,0.08735103622621401,0.027622823045071538,True
1,linear,300,q_mse,10,0.8483624984363454,0.2014877622476675,0.06371602493531167,True
1,linear,300,decomposition_residual,10,-1.0547118733938987e-16,1.6226398941827464e-16,5.131237887872081e-17,True
1,linear,500,theta_error_l2,10,0.14615915409109137,0.0807434852127012,0.025533331949226086,True
1,linear,500,train_check_loss,10,0.3197876737229239,0.030674970460058487,0.009700277381216791,True
1,linear,500,validation_check_loss,10,0.706020968284311,0.039776484747113955,0.012578428911582673,True
1,linear,500,test_check_loss,10,0.7238096995954856,0.024742636705813375,0.007824308730845577,True
1,linear,500,m_l2_error,10,1.1228980640557262,0.10366414288831634,0.03278148032162255,True
1,linear,500,q_l2_error,10,1.1143579532098096,0.1077492725827739,0.034073311758789915,True
1,linear,500,linear_error_mse,10,0.030816529943373194,0.03333395438766274,0.010541121928517761,True
1,linear,500,nonlinear_error_mse,10,1.27057169132879,0.23251084073102407,0.07352638373906854,True
1,linear,500,cross_error_moment,10,-0.024572829111150912,0.028701464022825127,0.009076199849350635,True
1,linear,500,cancellation_fraction,10,0.03836691400829713,0.046786230269351206,0.014795105078426293,True
1,linear,500,q_mse,10,1.2522425630498615,0.24086303046046698,0.07616757803855906,True
1,linear,500,decomposition_residual,10,3.3306690738754695e-17,7.49343429207797e-17,2.369631985977782e-17,True
1,linear,750,theta_error_l2,10,0.16008347927496933,0.10806404772258459,0.03417285239804988,True
1,linear,750,train_check_loss,10,0.27586768495537217,0.0287208885664716,0.009082342429393856,True
1,linear,750,validation_check_loss,10,0.7440918510715115,0.04220899160944938,0.013347655122479634,True
1,linear,750,test_check_loss,10,0.7637645619242468,0.027438628497552502,0.008676856192346974,True
1,linear,750,m_l2_error,10,1.279068007789516,0.1109670564776091,0.03509086437137861,True
1,linear,750,q_l2_error,10,1.2739824965845024,0.11637294210037508,0.03680035550520844,True
1,linear,750,linear_error_mse,10,0.03899301984811103,0.06055240793051064,0.01914835268680564,True
1,linear,750,nonlinear_error_mse,10,1.647097287411616,0.2906829463672027,0.09192201874889282,True
1,linear,750,cross_error_moment,10,-0.025435255084128795,0.047467148858587306,0.015010430442739761,True
1,linear,750,cancellation_fraction,10,0.030347355305590316,0.056326816223335734,0.01781210326114644,True
1,linear,750,q_mse,10,1.635219797091469,0.3036635839035261,0.09602685675847868,True
1,linear,750,decomposition_residual,10,-2.2204460492503132e-17,2.2080757800230294e-16,6.982548711125694e-17,True
1,linear,1000,theta_error_l2,10,0.16692206097704457,0.10586744948606275,0.03347822704487806,True
1,linear,1000,train_check_loss,10,0.25226181622119875,0.03258554694922174,0.01030445471618918,True
1,linear,1000,validation_check_loss,10,0.7811647136017998,0.03698239978713618,0.011694861666627657,True
1,linear,1000,test_check_loss,10,0.7955072494050868,0.028897995993889588,0.009138348715511236,True
1,linear,1000,m_l2_error,10,1.400873453219169,0.12771302298930462,0.04038640395116486,True
1,linear,1000,q_l2_error,10,1.3939212569355053,0.12727022575447428,0.04024637917079603,True
1,linear,1000,linear_error_mse,10,0.037467867550097456,0.05577238707643527,0.017636777370607485,True
1,linear,1000,nonlinear_error_mse,10,1.9771259865511581,0.36673123041681577,0.11597059772331589,True
1,linear,1000,cross_error_moment,10,-0.028499722118680505,0.05168736345689711,0.016344979477274917,True
1,linear,1000,cancellation_fraction,10,0.027606898260450825,0.05190868026181171,0.016414965996075045,True
1,linear,1000,q_mse,10,1.9575944098638947,0.3648310968128561,0.1153697227186022,True
1,linear,1000,decomposition_residual,10,-4.4408920985006264e-17,3.105097951117579e-16,9.819181883453726e-17,True
2,additive,1,theta_error_l2,10,1.4601790478584729,0.23617090327083667,0.0746837971395154,True
2,additive,1,train_check_loss,10,2.2252932591047876,0.27983651839217166,0.08849207706108622,True
2,additive,1,validation_check_loss,10,2.258285821570594,0.27800808456338394,0.08791387551609907,True
2,additive,1,test_check_loss,10,2.224266099184,0.2798776285845908,0.08850507724539546,True
2,additive,1,m_l2_error,10,5.137228484685036,0.11582065928770852,0.036625708345149395,True
2,additive,1,q_l2_error,10,4.707999275889348,0.5656309039242846,0.1788681971380612,True
2,additive,1,linear_error_mse,10,0.9900999515696448,0.780418022602836,0.24678984784697294,True
2,additive,1,nonlinear_error_mse,10,26.403189486465358,1.1744322410024421,0.3713880839103509,True
2,additive,1,cross_error_moment,10,-2.4700438843668007,2.8801717026858182,0.9107902632852486,True
2,additive,1,cancellation_fraction,10,0.1769824601286755,0.2014243660547918,0.06369597729886461,True
2,additive,1,q_mse,10,22.4532016693014,5.3513481372220735,1.6922448666121033,True
2,additive,1,decomposition_residual,10,-1.0658141036401502e-15,3.370400129833633e-15,1.0658141036401502e-15,True
2,additive,2,theta_error_l2,10,1.4611488384296716,0.2382065363386144,0.07532752083696875,True
2,additive,2,train_check_loss,10,1.821586077911204,0.30463648635480667,0.09633451552719943,True
2,additive,2,validation_check_loss,10,1.8591589259484658,0.30802270120133657,0.09740533068337064,True
2,additive,2,test_check_loss,10,1.8256818943321282,0.30669515428628413,0.09698552348814106,True
2,additive,2,m_l2_error,10,4.362877645712681,0.2360741439069126,0.07465319914202048,True
2,additive,2,q_l2_error,10,3.9052764244885045,0.623197473964825,0.19707234497923312,True
2,additive,2,linear_error_mse,10,1.0520865098805754,0.8564975382899174,0.27084830313234165,True
2,additive,2,nonlinear_error_mse,10,19.08485925273866,1.9979637889601332,0.6318116255653999,True
2,additive,2,cross_error_moment,10,-2.2681121142764957,2.3988035700909442,0.7585682940830746,True
2,additive,2,cancellation_fraction,10,0.2237691134037317,0.22995299792295898,0.07271752282205189,True
2,additive,2,q_mse,10,15.600721534066244,4.842382358292848,1.5312957553622943,True
2,additive,2,decomposition_residual,10,-7.105427357601002e-16,2.085065970151709e-15,6.593557537388058e-16,True
2,additive,5,theta_error_l2,10,1.4571691502871769,0.24367709585367137,0.07705746365127737,True
2,additive,5,train_check_loss,10,0.8706833098491895,0.029524406377370298,0.009336437071689092,True
2,additive,5,validation_check_loss,10,0.9277849978565518,0.05224445534354185,0.01652114740005469,True
2,additive,5,test_check_loss,10,0.8892750953343314,0.02394977936995354,0.0075735852267565604,True
2,additive,5,m_l2_error,10,1.8804237438041458,0.3521828901039548,0.11137000856692716,True
2,additive,5,q_l2_error,10,1.6745794035701849,0.06363698182445095,0.02012378059840024,True
2,additive,5,linear_error_mse,10,1.1716689993528926,0.9769887260890138,0.3089509622747652,True
2,additive,5,nonlinear_error_mse,10,3.647622965536177,1.4081896185988192,0.4453086572176076,True
2,additive,5,cross_error_moment,10,-1.0057155435587206,1.1769742870856024,0.3721919494643405,True
2,additive,5,cancellation_fraction,10,0.3007204402008449,0.2745196586042572,0.08681073836812928,True
2,additive,5,q_mse,10,2.8078608777716285,0.21622300988778764,0.06837571937825174,True
2,additive,5,decomposition_residual,10,8.881784197001253e-17,5.45906695095563e-16,1.7263085464370498e-16,True
2,additive,10,theta_error_l2,10,1.4145580867212506,0.237354688916999,0.07505814302984412,True
2,additive,10,train_check_loss,10,0.6796160471640078,0.02572176533315427,0.00813393638931272,True
2,additive,10,validation_check_loss,10,0.7489890395152735,0.058617879241520836,0.01853660100119091,True
2,additive,10,test_check_loss,10,0.7142477326920641,0.017882334512486556,0.005654890694049424,True
2,additive,10,m_l2_error,10,1.1067457188156784,0.29289616337343655,0.09262189941848463,True
2,additive,10,q_l2_error,10,1.0635770805972267,0.0684610119657357,0.02164927287317661,True
2,additive,10,linear_error_mse,10,1.1430548196514876,0.9510208259164753,0.3007391912150551,True
2,additive,10,nonlinear_error_mse,10,1.3020954323838234,0.7149760746806456,0.22609528685174843,True
2,additive,10,cross_error_moment,10,-0.6548679132600781,0.7830219589714754,0.24761328482767778,True
2,additive,10,cancellation_fraction,10,0.35721325219439215,0.31038300718693573,0.09815172497231284,True
2,additive,10,q_mse,10,1.1354144255151548,0.1449948366497789,0.04585139327773592,True
2,additive,10,decomposition_residual,10,2.2204460492503132e-17,2.443611834245489e-16,7.727379113557587e-17,True
2,additive,20,theta_error_l2,10,1.2602452690581953,0.21454015648316518,0.06784355440557416,True
2,additive,20,train_check_loss,10,0.6127374989853202,0.0221477655165968,0.007003738411578164,True
2,additive,20,validation_check_loss,10,0.6954510906137243,0.05253368627366799,0.01661261025095145,True
2,additive,20,test_check_loss,10,0.6632009032841488,0.013039957585864114,0.004123596656332128,True
2,additive,20,m_l2_error,10,0.9325280122177485,0.30494649281049657,0.09643254817613306,True
2,additive,20,q_l2_error,10,0.8572163217351252,0.05609391381817979,0.01773845305386403,True
2,additive,20,linear_error_mse,10,0.9285530983524793,0.7731928647345665,0.2445050523151711,True
2,additive,20,nonlinear_error_mse,10,0.953301620700465,0.6394964890712954,0.20222654611462695,True
2,additive,20,cross_error_moment,10,-0.5721015111765747,0.6721653921217033,0.2125573603444781,True
2,additive,20,cancellation_fraction,10,0.41052852675062096,0.3169767313988138,0.10023684364956618,True
2,additive,20,q_mse,10,0.7376516966997948,0.09535824344081353,0.03015492429457825,True
2,additive,20,decomposition_residual,10,-5.551115123125783e-17,2.6814433536895164e-16,8.479468414379335e-17,True
2,additive,30,theta_error_l2,10,1.0787280077610584,0.1947533263853471,0.061586409327186405,True
2,additive,30,train_check_loss,10,0.5805367312651323,0.019853309815929688,0.006278167811131605,True
2,additive,30,validation_check_loss,10,0.6670594885701039,0.0491274154936785,0.015535452851746942,True
2,additive,30,test_check_loss,10,0.6406873960209856,0.014498537289178633,0.00458484005746878,True
2,additive,30,m_l2_error,10,0.8602610902966366,0.2665434163570996,0.0842884291011015,True
2,additive,30,q_l2_error,10,0.7583543762278904,0.06450785453490783,0.02039917473011305,True
2,additive,30,linear_error_mse,10,0.7203627446987075,0.6214118778251624,0.19650768990097933,True
2,additive,30,nonlinear_error_mse,10,0.8039899970013409,0.5080435237580722,0.16065746855733748,True
2,additive,30,cross_error_moment,10,-0.4727531223945142,0.5306274665535469,0.1677991383354025,True
2,additive,30,cancellation_fraction,10,0.4369792824728777,0.30450905016049956,0.09629421666416402,True
2,additive,30,q_mse,10,0.5788464969110199,0.09801596120426168,0.030995368445616723,True
2,additive,30,decomposition_residual,10,3.8857805861880476e-17,2.027825047552868e-16,6.412545846606316e-17,True
2,additive,50,theta_error_l2,10,0.7415908459555159,0.1653554860466151,0.052289995951149505,True
2,additive,50,train_check_loss,10,0.5400829435147801,0.016896825442760062,0.005343245362540483,True
2,additive,50,validation_check_loss,10,0.6418185332620018,0.043998630224642475,0.013913588543739613,True
2,additive,50,test_check_loss,10,0.6185872322815161,0.01363373095887104,0.00431136428359839,True
2,additive,50,m_l2_error,10,0.7509748815672238,0.2649567314557598,0.08378667527937818,True
2,additive,50,q_l2_error,10,0.6465950103724257,0.05633430669146463,0.017814471955149264,True
2,additive,50,linear_error_mse,10,0.39419462816558987,0.3654473060717267,0.11556458519593374,True
2,additive,50,nonlinear_error_mse,10,0.6271451353342534,0.4509842814730975,0.14261375183894645,True
2,additive,50,cross_error_moment,10,-0.3001992286809794,0.365962346607301,0.1157274553139065,True
2,additive,50,cancellation_fraction,10,0.37846198983336415,0.31795468092278967,0.10054609844281029,True
2,additive,50,q_mse,10,0.4209413061378845,0.07285490939110564,0.02303874524010848,True
2,additive,50,decomposition_residual,10,-7.216449660063518e-17,2.1105596341140503e-16,6.674175581412009e-17,True
2,additive,75,theta_error_l2,10,0.46434536691459777,0.1411527148788555,0.044636407693352156,True
2,additive,75,train_check_loss,10,0.5044543313661762,0.024092005270900253,0.007618561005682671,True
2,additive,75,validation_check_loss,10,0.6343050986466874,0.04052104939400279,0.012813880926523446,True
2,additive,75,test_check_loss,10,0.6118097636926985,0.014494962167563593,0.004583709504747218,True
2,additive,75,m_l2_error,10,0.6585873354059102,0.12217240054258661,0.03863430529249648,True
2,additive,75,q_l2_error,10,0.614364820568717,0.06237346548807175,0.01972422165002127,True
2,additive,75,linear_error_mse,10,0.1859237699675412,0.19396347431621325,0.06133663617188043,True
2,additive,75,nonlinear_error_mse,10,0.4471707642659612,0.16484066229044483,0.05212719438484339,True
2,additive,75,cross_error_moment,10,-0.12607449860188905,0.1509794827622007,0.047743904548268414,True
2,additive,75,cancellation_fraction,10,0.28426964194187043,0.2486334669396889,0.07862480580735914,True
2,additive,75,q_mse,10,0.38094553702972433,0.0759502055468381,0.024017563828596263,True
2,additive,75,decomposition_residual,10,2.2204460492503132e-17,5.362886707379033e-17,1.695893682875867e-17,True
2,additive,100,theta_error_l2,10,0.33189899430216324,0.12535375550318242,0.03964033806459228,True
2,additive,100,train_check_loss,10,0.4823817317382173,0.022129637980086957,0.006998005981204268,True
2,additive,100,validation_check_loss,10,0.6383260821705633,0.041134545900922276,0.013007885556365728,True
2,additive,100,test_check_loss,10,0.6160217204681149,0.015697001297949868,0.004963827653614092,True
2,additive,100,m_l2_error,10,0.6776232797121491,0.1076579041184422,0.03404441851342991,True
2,additive,100,q_l2_error,10,0.6374317584326091,0.06601991980576681,0.02087733175278843,True
2,additive,100,linear_error_mse,10,0.10946843487520683,0.12573360488924848,0.03976045698737082,True
2,additive,100,nonlinear_error_mse,10,0.4696045110951076,0.15296031092995574,0.048370297414620816,True
2,additive,100,cross_error_moment,10,-0.08441546624089123,0.12501282476463232,0.03953252629877411,True
2,additive,100,cancellation_fraction,10,0.20954337661217823,0.22755529885538703,0.07195930380233295,True
2,additive,100,q_mse,10,0.410242013488532,0.08448887567323339,0.026717728407420958,True
2,additive,100,decomposition_residual,10,-5.551115123125783e-18,4.8605288448017766e-17,1.5370341782520678e-17,True
2,additive,150,theta_error_l2,10,0.24682389878882954,0.1066740332866978,0.03373329123825825,True
2,additive,150,train_check_loss,10,0.4491946201226094,0.0273034939472359,0.008634122895388664,True
2,additive,150,validation_check_loss,10,0.6565717985313959,0.04139477042745647,0.013090175777054427,True
2,additive,150,test_check_loss,10,0.6305110716555719,0.018475368529414248,0.005842424516394459,True
2,additive,150,m_l2_error,10,0.7296328994318592,0.10278692887152038,0.032504080892772506,True
2,additive,150,q_l2_error,10,0.7096201795545293,0.07295404542293031,0.02307009480598417,True
2,additive,150,linear_error_mse,10,0.06734752825956479,0.08733778588087425,0.02761863291796579,True
2,additive,150,nonlinear_error_mse,10,0.5418728054054966,0.15128513683890785,0.04784056085411945,True
2,additive,150,cross_error_moment,10,-0.05043473548242271,0.08846475829249599,0.027975012886055542,True
2,additive,150,cancellation_fraction,10,0.11738882526669539,0.18444237675152472,0.058325800758970626,True
2,additive,150,q_mse,10,0.5083508627002161,0.10696369835460115,0.03382489137557444,True
2,additive,150,decomposition_residual,10,4.9960036108132046e-17,9.947361494300653e-17,3.14563190310461e-17,True
2,additive,200,theta_error_l2,10,0.22521017138454424,0.10038025406488388,0.03174302349514084,True
2,additive,200,train_check_loss,10,0.42672143248547484,0.031175746950200527,0.00985863681196816,True
2,additive,200,validation_check_loss,10,0.6701289291362034,0.04329322487489991,0.013690519785854194,True
2,additive,200,test_check_loss,10,0.649041274804737,0.021557000239244044,0.006816922027680585,True
2,additive,200,m_l2_error,10,0.8209945918400594,0.09634463396159178,0.03046684836538414,True
2,additive,200,q_l2_error,10,0.7939709197851428,0.0879554261511761,0.027813947920845385,True
2,additive,200,linear_error_mse,10,0.05791274217137663,0.08134419114374274,0.025723291843832416,True
2,additive,200,nonlinear_error_mse,10,0.6823861794744995,0.16048317726358768,0.05074923662934853,True
2,additive,200,cross_error_moment,10,-0.05147327944545954,0.10318484975709394,0.03262991452546888,True
2,additive,200,cancellation_fraction,10,0.10714135773052816,0.18418163886501895,0.05824334819960495,True
2,additive,200,q_mse,10,0.6373523627549572,0.14054685924356594,0.044444819319275825,True
2,additive,200,decomposition_residual,10,2.2204460492503132e-17,9.860936211635846e-17,3.118301829040144e-17,True
2,additive,300,theta_error_l2,10,0.20515973288678496,0.09461876704307964,0.029921081325300684,True
2,additive,300,train_check_loss,10,0.3861908142262796,0.03712084817412686,0.011738642890754353,True
2,additive,300,validation_check_loss,10,0.6991586164425001,0.058759617327862716,0.018581422519594305,True
2,additive,300,test_check_loss,10,0.6773413297227469,0.024011818463446126,0.00759320371069743,True
2,additive,300,m_l2_error,10,0.9392389938484322,0.10977213810305005,0.03471299800321933,True
2,additive,300,q_l2_error,10,0.926386097344982,0.09592368651435046,0.030333733094532526,True
2,additive,300,linear_error_mse,10,0.04738793270981151,0.06326349479618493,0.02000567362981541,True
2,additive,300,nonlinear_error_mse,10,0.8930148176387593,0.20006424609841397,0.06326586960354433,True
2,additive,300,cross_error_moment,10,-0.036965165361725866,0.0762424128039604,0.024109967876729956,True
2,additive,300,cancellation_fraction,10,0.06120516304976148,0.1284494450871553,0.04061928106601362,True
2,additive,300,q_mse,10,0.8664724196251191,0.17893248419944602,0.05658341974623396,True
2,additive,300,decomposition_residual,10,9.992007221626409e-17,1.4285061330586922e-16,4.5173330319850206e-17,True
2,additive,500,theta_error_l2,10,0.19404535353751992,0.09998323464960572,0.031617474932382116,True
2,additive,500,train_check_loss,10,0.3339614478697267,0.03674929298550439,0.011621146823504305,True
2,additive,500,validation_check_loss,10,0.7345055257445674,0.06588820480041672,0.020835679810895676,True
2,additive,500,test_check_loss,10,0.7177102789860818,0.03580673800443642,0.011323084767493139,True
2,additive,500,m_l2_error,10,1.125435241822019,0.1470429423934762,0.04649906118163157,True
2,additive,500,q_l2_error,10,1.1011632289565694,0.14120790804588226,0.04465386130526042,True
2,additive,500,linear_error_mse,10,0.04510172742412832,0.07285389935447067,0.02303842583847981,True
2,additive,500,nonlinear_error_mse,10,1.2860639477519447,0.32502076860316215,0.10278059156445357,True
2,additive,500,cross_error_moment,10,-0.05032975620239496,0.10175220202954534,0.03217687153509708,True
2,additive,500,cancellation_fraction,10,0.06362262900813594,0.11123328936011961,0.035175054601055133,True
2,additive,500,q_mse,10,1.2305061627712828,0.30288205756127407,0.09577971642918501,True
2,additive,500,decomposition_residual,10,-5.551115123125783e-17,1.4092011087418584e-16,4.4562851848588895e-17,True
2,additive,750,theta_error_l2,10,0.20762927036893758,0.11430438862439424,0.03614622146061265,True
2,additive,750,train_check_loss,10,0.28497157005522344,0.03822000484415569,0.012086226749020077,True
2,additive,750,validation_check_loss,10,0.7730736177205533,0.06559023890747717,0.02074145472222219,True
2,additive,750,test_check_loss,10,0.7555482953097139,0.04072437212400793,0.012878177219213416,True
2,additive,750,m_l2_error,10,1.2544990636892026,0.16739660806997828,0.05293545540876541,True
2,additive,750,q_l2_error,10,1.2567571613495416,0.1660332073718504,0.05250431025181063,True
2,additive,750,linear_error_mse,10,0.05354389512266011,0.09220779702673666,0.029158665663098965,True
2,additive,750,nonlinear_error_mse,10,1.5989873627510864,0.41703930325526434,0.13187940720963084,True
2,additive,750,cross_error_moment,10,-0.024141185957611524,0.04363652679081733,0.013799081383794062,True
2,additive,750,cancellation_fraction,10,0.0259566622043625,0.04496833955288075,0.014220237558294092,True
2,additive,750,q_mse,10,1.6042488859585233,0.41292329570704395,0.13057781133774868,True
2,additive,750,decomposition_residual,10,-9.992007221626409e-17,3.642930313651953e-16,1.1519957148411758e-16,True
2,additive,1000,theta_error_l2,10,0.20052097178425282,0.11825202521499592,0.037394573760704944,True
2,additive,1000,train_check_loss,10,0.2536943209737888,0.02270513209017916,0.007179993197994573,True
2,additive,1000,validation_check_loss,10,0.8009023979575195,0.059938324498765044,0.018954162455036776,True
2,additive,1000,test_check_loss,10,0.7836059224359598,0.04040411027685889,0.012776901530749049,True
2,additive,1000,m_l2_error,10,1.372930004664455,0.15784753839853727,0.04991577443902648,True
2,additive,1000,q_l2_error,10,1.3626328901322278,0.1547976525899025,0.04895131586315545,True
2,additive,1000,linear_error_mse,10,0.0549737981174002,0.09212282925806306,0.029131796495427874,True
2,additive,1000,nonlinear_error_mse,10,1.9073610585485699,0.43725224234085946,0.138271299781303,True
2,additive,1000,cross_error_moment,10,-0.04200019073662599,0.08104647757050819,0.025629146545655564,True
2,additive,1000,cancellation_fraction,10,0.03653957342301334,0.06836726528836379,0.02161962757081979,True
2,additive,1000,q_mse,10,1.8783344751927182,0.42613745028600203,0.13475649392005376,True
2,additive,1000,decomposition_residual,10,8.881784197001253e-17,2.145154682951613e-16,6.783574731503468e-17,True
3,deep,1,theta_error_l2,10,1.4027306457211866,0.4729130700171936,0.14954824365170158,True
3,deep,1,train_check_loss,10,0.9154022637629706,0.06128643635518958,0.01938047285573472,True
3,deep,1,validation_check_loss,10,0.9136572497261628,0.059695122122441664,0.018877255110882046,True
3,deep,1,test_check_loss,10,0.9155889954278246,0.05086572285185983,0.016085153904275257,True
3,deep,1,m_l2_error,10,2.2056161756097663,0.10081346152094943,0.03188001572119429,True
3,deep,1,q_l2_error,10,1.7926996543299993,0.14618125873607551,0.04622657288363853,True
3,deep,1,linear_error_mse,10,0.9723502810698426,0.5571937949498023,0.17620014901542003,True
3,deep,1,nonlinear_error_mse,10,4.873889732732903,0.44247186706676395,0.13992189004782205,True
3,deep,1,cross_error_moment,10,-1.3066179494013745,0.5814946602230474,0.1838847573530545,True
3,deep,1,cancellation_fraction,10,0.42925255889299907,0.15556261664993803,0.04919321873894366,True
3,deep,1,q_mse,10,3.2330041149999955,0.5140986164669499,0.16257225699769073,True
3,deep,1,decomposition_residual,10,4.4408920985006264e-17,7.386669024518877e-16,2.3358698439293797e-16,True
3,deep,2,theta_error_l2,10,1.408643473276494,0.4709631338936762,0.14893161970748614,True
3,deep,2,train_check_loss,10,0.8155183006996136,0.05022338204395159,0.01588202790556898,True
3,deep,2,validation_check_loss,10,0.8216660831352798,0.04764427730765615,0.015066443376486828,True
3,deep,2,test_check_loss,10,0.8184838719400785,0.033472360124484235,0.010584889665476736,True
3,deep,2,m_l2_error,10,1.7847618534734047,0.2052701039314294,0.06491210639628005,True
3,deep,2,q_l2_error,10,1.4681301815700132,0.11086346254742535,0.0350581050942637,True
3,deep,2,linear_error_mse,10,1.052291479855215,0.5849274515340221,0.18497030128052605,True
3,deep,2,nonlinear_error_mse,10,3.223297107625041,0.7212686249248822,0.22808516595803208,True
3,deep,2,cross_error_moment,10,-1.054560360424126,0.5057211198092948,0.15992305994482692,True
3,deep,2,cancellation_fraction,10,0.46241749349310546,0.1491474172321408,0.047164554558501125,True
3,deep,2,q_mse,10,2.1664678666320034,0.3265112532782793,0.1032519242035482,True
3,deep,2,decomposition_residual,10,-1.3322676295501878e-16,3.8029527907997864e-16,1.2025992653021157e-16,True
3,deep,5,theta_error_l2,10,1.3823950976340806,0.4549424095516455,0.1438654218388342,True
3,deep,5,train_check_loss,10,0.6910329087419607,0.042846225522155765,0.013549166179124942,True
3,deep,5,validation_check_loss,10,0.7002439744801664,0.05163168010110231,0.01632737085406761,True
3,deep,5,test_check_loss,10,0.7001239356504296,0.03465493903630901,0.010958853952901706,True
3,deep,5,m_l2_error,10,1.2512119373845914,0.18366373713532697,0.0580795732926082,True
3,deep,5,q_l2_error,10,1.0355164428020032,0.1381767488065246,0.043695324590557055,True
3,deep,5,linear_error_mse,10,1.0850361322867739,0.558983994114489,0.17676625969799412,True
3,deep,5,nonlinear_error_mse,10,1.5958904437583652,0.4438638647862181,0.14036207837694556,True
3,deep,5,cross_error_moment,10,-0.7957243701060787,0.4413931555005325,0.13958077149905615,True
3,deep,5,cancellation_fraction,10,0.5527717024419114,0.147368677798089,0.04660206776094486,True
3,deep,5,q_mse,10,1.089477835832982,0.2918025152150453,0.09227605750454813,True
3,deep,5,decomposition_residual,10,3.3306690738754695e-17,2.5666196404353564e-16,8.116363951098125e-17,True
3,deep,10,theta_error_l2,10,1.2788716502177604,0.42775840435145795,0.13526908460298878,True
3,deep,10,train_check_loss,10,0.6182457511303949,0.03805555092539907,0.012034221853678957,True
3,deep,10,validation_check_loss,10,0.6419453800374735,0.045892081383008626,0.014512350373611736,True
3,deep,10,test_check_loss,10,0.6443149963136107,0.026833200262869242,0.008485402974209568,True
3,deep,10,m_l2_error,10,0.9165609368897119,0.18241048503234786,0.057683260179827216,True
3,deep,10,q_l2_error,10,0.7857591227999998,0.12094895996137264,0.03824741941064484,True
3,deep,10,linear_error_mse,10,0.9366883198439646,0.47237686869204193,0.14937868190451362,True
3,deep,10,nonlinear_error_mse,10,0.8700301775769091,0.3454459299961618,0.10923959472229522,True
3,deep,10,cross_error_moment,10,-0.5880676562666424,0.3510856022481467,0.11102301567960757,True
3,deep,10,cancellation_fraction,10,0.6019433512309618,0.15990292217301819,0.05056574385833784,True
3,deep,10,q_mse,10,0.630583184887589,0.19369591170788142,0.06125202544597802,True
3,deep,10,decomposition_residual,10,8.881784197001253e-17,1.5744477859371569e-16,4.9788410605706373e-17,True
3,deep,20,theta_error_l2,10,1.0575664824632898,0.3768169298665763,0.11915997592903091,True
3,deep,20,train_check_loss,10,0.5818518854133664,0.03225671287534641,0.010200468251617368,True
3,deep,20,validation_check_loss,10,0.6277917466607601,0.04669461955806705,0.01476613522785369,True
3,deep,20,test_check_loss,10,0.6273629915691388,0.022035372409471482,0.006968196590396234,True
3,deep,20,m_l2_error,10,0.8377659724419464,0.17376072516552682,0.0549479659405603,True
3,deep,20,q_l2_error,10,0.7024966319470008,0.10883799925121578,0.03441759736095424,True
3,deep,20,linear_error_mse,10,0.6927737144895657,0.3572925683507271,0.1129858307039688,True
3,deep,20,nonlinear_error_mse,10,0.7290253352306448,0.30174707774351484,0.0954208042969408,True
3,deep,20,cross_error_moment,10,-0.45881819637521193,0.2738488508464041,0.08659861032943662,True
3,deep,20,cancellation_fraction,10,0.5953210254025907,0.16445324861854618,0.052004683424854495,True
3,deep,20,q_mse,10,0.5041626569697868,0.15585606690051165,0.049286015856119636,True
3,deep,20,decomposition_residual,10,4.4408920985006264e-17,1.3031662313448182e-16,4.120973460867536e-17,True
3,deep,30,theta_error_l2,10,0.8537152453328967,0.32674305127028386,0.103325225164727,True
3,deep,30,train_check_loss,10,0.5533229849267687,0.025895528548442227,0.008188885142699135,True
3,deep,30,validation_check_loss,10,0.614429164760752,0.04223639100862887,0.013356319573272366,True
3,deep,30,test_check_loss,10,0.6167557011809628,0.017730613674459,0.0056069123523817665,True
3,deep,30,m_l2_error,10,0.7924523451541041,0.17222459220780087,0.05446219804703378,True
3,deep,30,q_l2_error,10,0.650397769539044,0.08753657140225472,0.027681494419308433,True
3,deep,30,linear_error_mse,10,0.5002194029680365,0.27048075703594143,0.08553352554801888,True
3,deep,30,nonlinear_error_mse,10,0.6546758984852682,0.2839942246490594,0.08980685922245606,True
3,deep,30,cross_error_moment,10,-0.36249082831618257,0.245133753439226,0.0775180992254088,True
3,deep,30,cancellation_fraction,10,0.5627111835595952,0.1858355813250461,0.058766370728859735,True
3,deep,30,q_mse,10,0.4299136448209392,0.11672436912499724,0.03691148648812265,True
3,deep,30,decomposition_residual,10,-2.7755575615628914e-17,1.0868472903575298e-16,3.4369129063121525e-17,True
3,deep,50,theta_error_l2,10,0.5636036840096359,0.23561259779679122,0.07450724544670304,True
3,deep,50,train_check_loss,10,0.5153914062554452,0.022734431550237976,0.007189258500794472,True
3,deep,50,validation_check_loss,10,0.6177762539752556,0.05013803918442176,0.015855040123754376,True
3,deep,50,test_check_loss,10,0.6149064889504069,0.011500652795934319,0.0036368257413936103,True
3,deep,50,m_l2_error,10,0.6919743011809241,0.1061645083991918,0.033572165321352244,True
3,deep,50,q_l2_error,10,0.6387582192068381,0.06424100761996898,0.020314790326333453,True
3,deep,50,linear_error_mse,10,0.26523221732235186,0.15434685819781127,0.048808762159611524,True
3,deep,50,nonlinear_error_mse,10,0.48897224605410605,0.14813740584487808,0.04684516091385547,True
3,deep,50,cross_error_moment,10,-0.17123909220907035,0.12372026571726666,0.03912378323878082,True
3,deep,50,cancellation_fraction,10,0.3974042277849445,0.18273502703815014,0.057785889373300696,True
3,deep,50,q_mse,10,0.41172627895831704,0.07897877906750797,0.024975282867255446,True
3,deep,50,decomposition_residual,10,-2.7755575615628915e-18,8.723281035533597e-17,2.758543674203838e-17,True
3,deep,75,theta_error_l2,10,0.37804094804180005,0.17311559431795168,0.05474395765384306,True
3,deep,75,train_check_loss,10,0.47667807804292933,0.021447583324455663,0.0067823213611526,True
3,deep,75,validation_check_loss,10,0.619561020154196,0.046449669980838694,0.014688675370259998,True
3,deep,75,test_check_loss,10,0.6205574608019907,0.010909990193411472,0.003450041826128119,True
3,deep,75,m_l2_error,10,0.6714687276379248,0.08846122670241038,0.027973896099212286,True
3,deep,75,q_l2_error,10,0.6675928295593551,0.060520658042930484,0.01913831249078488,True
3,deep,75,linear_error_mse,10,0.13358537221043412,0.08146777936187305,0.025762373869957767,True
3,deep,75,nonlinear_error_mse,10,0.45791310196241924,0.12486124574949381,0.03948459280544182,True
3,deep,75,cross_error_moment,10,-0.07126090652441645,0.07198625497231052,0.022764052593812246,True
3,deep,75,cancellation_fraction,10,0.19893810960069316,0.1680203895230384,0.05313271242414935,True
3,deep,75,q_mse,10,0.44897666112402046,0.08002525137110168,0.02530620646601938,True
3,deep,75,decomposition_residual,10,-2.2204460492503132e-17,5.3628867073790325e-17,1.695893682875867e-17,True
3,deep,100,theta_error_l2,10,0.29430860871259357,0.13604959246485337,0.04302265869266181,True
3,deep,100,train_check_loss,10,0.44234424372982917,0.026073075017377066,0.008245030265934577,True
3,deep,100,validation_check_loss,10,0.6312311569543232,0.04028132126311666,0.012738072235241933,True
3,deep,100,test_check_loss,10,0.632496738609688,0.008779095726995015,0.0027761938293956014,True
3,deep,100,m_l2_error,10,0.7359841629278019,0.07275573551831058,0.02300738370786726,True
3,deep,100,q_l2_error,10,0.7253567375680087,0.056293195557184185,0.01780147147299734,True
3,deep,100,linear_error_mse,10,0.08098963403309312,0.06221166315124594,0.019673055258510538,True
3,deep,100,nonlinear_error_mse,10,0.5464367454262667,0.10914107512394625,0.0345134383671214,True
3,deep,100,cross_error_moment,10,-0.049215975622309685,0.05036482480256062,0.015926756033143172,True
3,deep,100,cancellation_fraction,10,0.1356856843162828,0.11546515143868136,0.036513286892250085,True
3,deep,100,q_mse,10,0.5289944282147405,0.0815730356451681,0.025795658829283398,True
3,deep,100,decomposition_residual,10,2.2204460492503132e-17,5.362886707379033e-17,1.695893682875867e-17,True
3,deep,150,theta_error_l2,10,0.2449770772173024,0.07859520709078668,0.02485398675795021,True
3,deep,150,train_check_loss,10,0.3917132177944502,0.02833168860515302,0.008959266595092242,True
3,deep,150,validation_check_loss,10,0.6514545552080446,0.04464350631162083,0.014117516268082459,True
3,deep,150,test_check_loss,10,0.6567141297514278,0.01050516714025587,0.003322025536396608,True
3,deep,150,m_l2_error,10,0.8508492867343895,0.0828152627343955,0.02618848552659538,True
3,deep,150,q_l2_error,10,0.8393053858020035,0.06234490523963408,0.019715190106460938,True
3,deep,150,linear_error_mse,10,0.049798338327483295,0.04994992062804516,0.01579555181292509,True
3,deep,150,nonlinear_error_mse,10,0.7301170397040095,0.14606161847097315,0.04618873930987955,True
3,deep,150,cross_error_moment,10,-0.03599182445341882,0.05271652522287815,0.016670429003401044,True
3,deep,150,cancellation_fraction,10,0.07584623101549612,0.09635021215967594,0.030468612346502697,True
3,deep,150,q_mse,10,0.7079317291246552,0.1053534662128705,0.03331569126262645,True
3,deep,150,decomposition_residual,10,3.3306690738754695e-17,9.140161986704471e-17,2.890373006087578e-17,True
3,deep,200,theta_error_l2,10,0.23012273445338396,0.055517156762029236,0.017556066458463093,True
3,deep,200,train_check_loss,10,0.3556190603104247,0.03461167403726464,0.010945172358907185,True
3,deep,200,validation_check_loss,10,0.6779686207212117,0.050416733747103794,0.015943171082712353,True
3,deep,200,test_check_loss,10,0.6839458666117115,0.014455868995740173,0.004571347158354985,True
3,deep,200,m_l2_error,10,0.9579048883305603,0.0797072962882066,0.02520566024046177,True
3,deep,200,q_l2_error,10,0.9559915929046143,0.07736719658144255,0.024465655737935115,True
3,deep,200,linear_error_mse,10,0.040073450246834036,0.05266438773580793,0.016653941682339097,True
3,deep,200,nonlinear_error_mse,10,0.9232997028610013,0.15580370102209506,0.049269456311372445,True
3,deep,200,cross_error_moment,10,-0.02203305630367459,0.04089119400029926,0.01293093092847576,True
3,deep,200,cancellation_fraction,10,0.039840447251958774,0.07079235605891501,0.022386508607579254,True
3,deep,200,q_mse,10,0.9193070405004862,0.1473186440473489,0.04658624569972288,True
3,deep,200,decomposition_residual,10,0.0,1.4802973661668753e-16,4.6811112914356006e-17,True
3,deep,300,theta_error_l2,10,0.20918010886831184,0.06530250343950382,0.020650464777981166,True
3,deep,300,train_check_loss,10,0.2981755184489342,0.03349211388210316,0.010591136352119007,True
3,deep,300,validation_check_loss,10,0.714886537973539,0.05126725035869199,0.0162121280507551,True
3,deep,300,test_check_loss,10,0.721472429509973,0.015129463042453868,0.004784356298949498,True
3,deep,300,m_l2_error,10,1.1160526629482181,0.08436439692439712,0.026678364770759893,True
3,deep,300,q_l2_error,10,1.1121656449986246,0.06928645459053571,0.021910300750392193,True
3,deep,300,linear_error_mse,10,0.03453527645822295,0.0520877297642939,0.016471586420251413,True
3,deep,300,nonlinear_error_mse,10,1.2519791627953842,0.19174629820930522,0.060635503524727,True
3,deep,300,cross_error_moment,10,-0.02264073291382345,0.05773077058238166,0.018256072611697136,True
3,deep,300,cancellation_fraction,10,0.02735785355594427,0.0658296329612679,0.020817157769050146,True
3,deep,300,q_mse,10,1.2412329734259604,0.15397099267124648,0.048689903043823195,True
3,deep,300,decomposition_residual,10,8.881784197001253e-17,2.3869077820329656e-16,7.548065156004902e-17,True
3,deep,500,theta_error_l2,10,0.2140649856444216,0.083829559516322,0.026509234332022062,True
3,deep,500,train_check_loss,10,0.24371427445821206,0.02152661375234354,0.006807312976810939,True
3,deep,500,validation_check_loss,10,0.7634616736871902,0.0512636278915971,0.016210982526078214,True
3,deep,500,test_check_loss,10,0.7735150402733703,0.020019926675571134,0.00633085668843676,True
3,deep,500,m_l2_error,10,1.3245218103608682,0.08356679691237405,0.026426141500782836,True
3,deep,500,q_l2_error,10,1.3145737046520485,0.08341352791428015,0.026377673587915963,True
3,deep,500,linear_error_mse,10,0.04327788809387352,0.06894035896958926,0.021800855705352087,True
3,deep,500,nonlinear_error_mse,10,1.7606430947132061,0.21795450587898635,0.06892326648741562,True
3,deep,500,cross_error_moment,10,-0.03477746143463646,0.07295748209360893,0.023071181576675405,True
3,deep,500,cancellation_fraction,10,0.03441996165617535,0.07333697925794926,0.023191189117164474,True
3,deep,500,q_mse,10,1.7343660599378066,0.21669401184244563,0.0685246632741628,True
3,deep,500,decomposition_residual,10,-1.3322676295501878e-16,3.3429821253831143e-16,1.0571437693441229e-16,True
3,deep,750,theta_error_l2,10,0.1865479583416348,0.09038521785384188,0.02858231552286563,True
3,deep,750,train_check_loss,10,0.21657725809336678,0.02926755954722159,0.00925521497238266,True
3,deep,750,validation_check_loss,10,0.8081548103256523,0.049080631248429006,0.015520658374386912,True
3,deep,750,test_check_loss,10,0.8214362036289582,0.022920732868319787,0.007248172150417476,True
3,deep,750,m_l2_error,10,1.4965318790794826,0.09379293470297151,0.02965993020928383,True
3,deep,750,q_l2_error,10,1.488353249037889,0.0941576702909738,0.029775269729464635,True
3,deep,750,linear_error_mse,10,0.03341579060822265,0.052757090584780855,0.016683256897173204,True
3,deep,750,nonlinear_error_mse,10,2.2475250682413423,0.27447186151866476,0.08679562360253026,True
3,deep,750,cross_error_moment,10,-0.028883182370381417,0.06010708059697365,0.019007527818975002,True
3,deep,750,cancellation_fraction,10,0.02397593371229173,0.050684176649479544,0.016027743954267697,True
3,deep,750,q_mse,10,2.223174494108803,0.2729862331269351,0.0863258266550824,True
3,deep,750,decomposition_residual,10,2.2204460492503132e-17,1.6383889520024605e-16,5.1810407815840633e-17,True
3,deep,1000,theta_error_l2,10,0.18642714395533838,0.09732081839993609,0.030775544989542162,True
3,deep,1000,train_check_loss,10,0.18218214551583872,0.020706632500832944,0.006548012137470052,True
3,deep,1000,validation_check_loss,10,0.8235191057051969,0.049926451146740755,0.015788130111282623,True
3,deep,1000,test_check_loss,10,0.8457524579615358,0.022401293130233882,0.0070839108824621985,True
3,deep,1000,m_l2_error,10,1.5822144310382593,0.09320535044254911,0.0294741197512638,True
3,deep,1000,q_l2_error,10,1.5736500347183469,0.09336719568304776,0.029525299710107145,True
3,deep,1000,linear_error_mse,10,0.034190562356110885,0.05393057166127701,0.017054344196456614,True
3,deep,1000,nonlinear_error_mse,10,2.5112210194017286,0.290391991857783,0.09183001085436651,True
3,deep,1000,cross_error_moment,10,-0.030595730041020265,0.06017959623744187,0.019030459277961546,True
3,deep,1000,cancellation_fraction,10,0.022931812502992394,0.04356890705685061,0.013777698146383114,True
3,deep,1000,q_mse,10,2.4842201216757984,0.28841651239862787,0.09120530939818572,True
3,deep,1000,decomposition_residual,10,-1.7763568394002506e-16,3.7448890331484815e-16,1.1842378929335003e-16,True
