case,rep,split,verified_against_first_pass,max_abs_difference,array_sha256
1,1,train,True,0.0,67b3dd7c90c01e3f10c5f3cedcb07712bbc4f3e00415b12277f10b94bee8f261
1,1,test,True,0.0,1409e1278a7cbd2845370cd76b5008d01ed16e5a7578d497c9ceabec420caba7
1,1,all_train_validation_test_arrays,False,,6cb743b80a582e380f9ba9fc296f620a45e2f25e76f1c32ce00ab8c3bc39a439
1,2,train,True,0.0,a1ea013108232bb6fc8c66b8c05a744455108ff1fdde734f4ad064ff9120a5cb
1,2,test,True,0.0,135bab08426cb14d98a419026ac819bdf3fc45a1d9c662a897f863a2bf9f4963
1,2,all_train_validation_test_arrays,False,,0d7ce2305fad4f0b018dcad118dd142eea09363df638870cccdb303eb4431570
1,3,train,False,,ec1082dc64e3716b06c9465171b31521a6f1a357dd8d0f3a241cb0626e495c9d
1,3,test,False,,c822c2c4375231fb6ec02c62893e472156b2ab47752e28b0b7747142652d042d
1,3,all_train_validation_test_arrays,False,,c7e0797776c404e94e1426fff6345c9708f51a6f478b6d9fd891125bdc7727d6
1,4,train,False,,57ef2b22999c45f166c7fe3b554886016a0b0432041d4e15194293a0239ba780
1,4,test,False,,d1eedef44b45d34ff67ea53a6b62f546624b3cb6105aca1237b7a39284bd3b9a
1,4,all_train_validation_test_arrays,False,,a317c4f181bca9a405ed92f71d788ca2e189345271c95e6bc080f9fee52fd097
1,5,train,False,,66048feddb1d171c42f4e8416d637538d7d7be5129fb5ee5e3eac3927f27d73e
1,5,test,False,,4f7d9e994521ab2eb7f0aee8bca469943e3f986c4d1a3029d025d7528254b16c
1,5,all_train_validation_test_arrays,False,,e7658a2b1df5c2ef7c50fcf65bee993dae91275ef1c7c5ec2da87f5c61a4d7ac
1,6,train,False,,d32a95f17e5d652a9e8328f5f9e29e84aab2922c65031d8b49d809ec7bfe9040
1,6,test,False,,6211704b1e4195e8b94f863f6c1548ac529c924d102638eea8f951db58eb1b8e
1,6,all_train_validation_test_arrays,False,,ca198306e001fb63385b2fb55a59764a963e0bf1e21379c8d97c17b3d3999840
1,7,train,False,,c6404bf74cb10c13407362e3311c51e6b68072b046e2e5d70512137f9ceeaed5
1,7,test,False,,6067ede8b9da33fb00d2ccd32309b6af4d5111a3c757f8df52a6d254deb7533a
1,7,all_train_validation_test_arrays,False,,9c6cd77b7819363770daafe9ab87e43a23a516563a62475792f6208022751c59
1,8,train,False,,deb284a46af2edeb6fd3cb0eb9e0ecb868fee71be58dc6c7958a739bcddb6cda
1,8,test,False,,3131c560b32a01cb6f9b93eeaeb064d8f93bf1dbf0ef89ebdd32887785b1e668
1,8,all_train_validation_test_arrays,False,,4f3de4ba60e38374845a9d666e66fbeb79d588a54442cb2377e394373dca479d
1,9,train,False,,97cc860eb10df2a24cf7de64fb1b53e047921464e2227371db6635ff34d130da
1,9,test,False,,924131e5e3131deb6da028b7f33ff257b1f517a3d1c9760a6c638926a4a99e23
1,9,all_train_validation_test_arrays,False,,d5fcd5e92e6a451893c4883511f584cbbddc9c5b43f98d70dc1c212403521936
1,10,train,False,,d4f078a4d46c697b01a5c431f7e7e97136824c32eec81b51319d757bf22a6748
1,10,test,False,,21db70656dadb412c24286dfba056334005b9d2b0741a291a9c1bb463c035919
1,10,all_train_validation_test_arrays,False,,234de3f36978791d8e9ea3622e3095b831ff2cb85b6052bc7499e951cc951969
2,1,train,True,0.0,d4c11827b331f640708a7ae505e531b2d09c08ab891a61cb26d617646b85d37f
2,1,test,True,0.0,dd4efe5149a341d0df82c3cdf17677c18fab5e1b16fde8a2d87c7989bf455893
2,1,all_train_validation_test_arrays,False,,d12fb1690b0c35098ad2d75246e3415cbf09db0062c98702b62f6cb87eb87733
2,2,train,True,0.0,d9694af5fdaf030ca912897060732b510502e250aa9693264d3f269c4a02bc15
2,2,test,True,0.0,412c1568d8397e558b52fc047bce3e6026925b2680d6cfc42c0850b82e340a42
2,2,all_train_validation_test_arrays,False,,1152accd2504ffaff736b31b5f540e3d0f13d6fe02b708bb33adc9508c7af44d
2,3,train,False,,1745587a3682f2c2c88c845b1d00638809e1d6b60f63188b99a5f85c5f0b4685
2,3,test,False,,83e1897b0bd72e795e8ee26f2e4961d1aca26fb1eb133695a13663052e4f2264
2,3,all_train_validation_test_arrays,False,,de71c603ced49a8624d5ee608f0d3137abe1ed6bcbf10034b1ce99c3bd6f1b05
2,4,train,False,,8d1fc982a944d398e152c088a4bc9771118cbe2e41a854472138ea79a07c0381
2,4,test,False,,954a7f4202efb13a7daf37a931c0cc2f89c81d38f0ed0f1ddd92c37e3f5b90d9
2,4,all_train_validation_test_arrays,False,,f8769ebcd722e8d726b6eb82e75c5e32a986bd9066d01e2c1518f5a2ef44551a
2,5,train,False,,208b35b38795689ed0880df2327e167fa6e79ad803dd98184e08a39e85480b6e
2,5,test,False,,bc7f5d31853b7a7d4da398c3e3e18c961e0a18e72dd5d4606fa32ba216fe6045
2,5,all_train_validation_test_arrays,False,,214c40333be6682c2a0a617809ecdde9fa88aab207c2e87541e81f9cace43b6c
2,6,train,False,,9eb717af318222bd700a95e145364060a0fc7bcacdf2456b0e12df363508c762
2,6,test,False,,f491fe8864d120ecc5dd4a58b1220e99bb823126bf0c85f7a97c47c900524b53
2,6,all_train_validation_test_arrays,False,,25fd7792badbda2c6f387468b14c3e0e80701578b8c746f8f3ec7c20affbc9ab
2,7,train,False,,71c75d552b646912050694061dbd6af169bf6ed75c3920c50a8f43dc01d156cf
2,7,test,False,,02c5dbeb7ec5088b44bcf2f6c220e9f0858c0175b01c65a33bb5eb6a8596f29e
2,7,all_train_validation_test_arrays,False,,2259ffdaac5899cbfe93de7f47b3790cecb36ece0f6aefcecfd54294e097f96a
2,8,train,False,,56ceefcf933eccf32f5ef5aa17f24c0d7311be01be1bbcda5b1341af82b65f67
2,8,test,False,,b37532bc4bb544dd774330a5e18b6acd81356137a9ffa8960a4c3d495bac734a
2,8,all_train_validation_test_arrays,False,,631cd76e59ce43957daf2ebef824753ca499bba56fba2210b42300d1a9a97669
2,9,train,False,,771452a0a1d7ea3a49c77a6bce1225741d8df8481b0fead16cf5fb9dcbf2069e
2,9,test,False,,51e9213fa6d9cb13fee0341f71142915e8a28113274ab89c442375147f1d7c2e
2,9,all_train_validation_test_arrays,False,,d36aab3f4adcb976543d7ed2fa7d7eafd0c76808bde1a5c380b7ee131811717e
2,10,train,False,,87b1f3037f22919e58a4b7e7feaeb133c90557cb97e79c2696d3fce32ab7f6ca
2,10,test,False,,eb6a0b99cda79e91d6c9f3d5ce9570e330372f2636944778b8cc1ff517816b62
2,10,all_train_validation_test_arrays,False,,2eb842e0941989099dbffcca156d71bb420ecc23d2ebf1388ab68b98d165e25e
3,1,train,True,0.0,f562d677dbd746d44ff2b4cbf266c1fd8ad3f9f1057966a568ca93e800fb54fc
3,1,test,True,0.0,76147beacc076b9a1028c921a299222d2369a19ab23b7127f0bbb3c7ebf213af
3,1,all_train_validation_test_arrays,False,,4b95248f84759d86f6a8808d9f62576b048e5cb3422e0d3d9880761f290c15f8
3,2,train,True,0.0,1defc746c9af5661737cbc0d80331ed3e15be0e2d6f47eb7c242d4758597f2ea
3,2,test,True,0.0,ed5b7c375b5eb95adcf47626a5cccfb29bcdab6dcbc091a1a235a0bb5738d41c
3,2,all_train_validation_test_arrays,False,,1a6bca6b7b2c2d634be3291c502c20903c2eb7a1d4b9c0fb465430fb3557b909
3,3,train,False,,e98dadbdee57331d358f930668714c731b3eb022d99d7e22f76c3d72ddbc32a1
3,3,test,False,,717173aa7ed0b73f29bd2eededebdb88535a36be194f1e2c145d8ab5bbe1d620
3,3,all_train_validation_test_arrays,False,,6fc98c63c26beecf3deb8fc9e22cca47f2b2f8e80f292918874e1a88262187f9
3,4,train,False,,e149c3123c96fa2c4d6f54db96995a2d0354f6c16136b564efd84ac2f3f346f4
3,4,test,False,,48d48f8c7ad65d45deb8187a7011d280ae5ea4ae17f0c441e49ad468a84c08a7
3,4,all_train_validation_test_arrays,False,,04272d3b2fcf7170bf0d05612da3ea510ab884c229ff013aca350b4c401098ad
3,5,train,False,,2c4949fb0070d64398c3b0f8f02db43205df22415719d8c4ff5b9c2753445d08
3,5,test,False,,6cf6151a93def4625271d4946886a3ed9fad9d508a7bd68180bd64da464cd3a0
3,5,all_train_validation_test_arrays,False,,ff03b6c206f7a1c388ab265ed61603d17f6bfdc4972da2142ee8c71934fb0539
3,6,train,False,,593e5731c354636e9a5aa9dabcf9072d7b4124f8b5b8f41f1ab239c26a8303fa
3,6,test,False,,b14d0ab63b6af570e233dd2e4d2d24037bfb1bd39fbe9de8ef9c190d14998b4f
3,6,all_train_validation_test_arrays,False,,e1b16916e710bee6badea1529dc82e205792c02a5eafcaecf4dae64b8ce13d94
3,7,train,False,,e67a90655a9715450b8822193c32376be4e983c4a3958c4fddef63c887d6c2a9
3,7,test,False,,a6954efbf83a65f96eb919375a722f0b74ce94b75c08d768885e04e1350eaf28
3,7,all_train_validation_test_arrays,False,,c3a7c1d0e974ed7611d49e18f5c87108cf6da9f90698774d97e19bd65fb51005
3,8,train,False,,70d10cb089be6e5500b0559b3c391df3c6e344328662e43955e2adf814d3ce49
3,8,test,False,,ee833d93cfa92fd3c85e14c2747ff16c97adc8dc9bb07cb0eebc1cad940c749f
3,8,all_train_validation_test_arrays,False,,734f3e08b4291b4c3fbbc899140edb677396b12449998011db8bac72d7547ed7
3,9,train,False,,a557e620cbb0b1493b49517b346e84f7bb293f12c80467f3602dcf4b17870731
3,9,test,False,,90a0aa0208eddc01daf2f018316acebd418980a63c714bb70cf3bfd5e5fe379c
3,9,all_train_validation_test_arrays,False,,8a40f2c403910a336fdf05903cd043bd204f1ec0cd184e584776932aa585b3c3
3,10,train,False,,69c1a0cf38b504b3a58280978d77c51185feb4df3048eb9d33b4f74f06adf1d7
3,10,test,False,,c979526d12f687087b24bfd988ddfedc2022967504cf19703de0737953cd5dc6
3,10,all_train_validation_test_arrays,False,,99a68ca1ab7a65f8617aca10e9ef65db0ba4a5ac3f1fb3e8911ba7036d79cecc
