case,analysis,rule_id,patience,max_epochs,case_name,repetitions,mc_sd_available,restore_best,min_delta,mean_selected_epoch,median_selected_epoch,sd_selected_epoch,mcse_selected_epoch,q25_selected_epoch,q75_selected_epoch,mean_stop_epoch,median_stop_epoch,sd_stop_epoch,mcse_stop_epoch,q25_stop_epoch,q75_stop_epoch,mean_theta_error_l2,median_theta_error_l2,sd_theta_error_l2,mcse_theta_error_l2,q25_theta_error_l2,q75_theta_error_l2,mean_training_check_loss,median_training_check_loss,sd_training_check_loss,mcse_training_check_loss,q25_training_check_loss,q75_training_check_loss,mean_validation_check_loss,median_validation_check_loss,sd_validation_check_loss,mcse_validation_check_loss,q25_validation_check_loss,q75_validation_check_loss,mean_test_check_loss,median_test_check_loss,sd_test_check_loss,mcse_test_check_loss,q25_test_check_loss,q75_test_check_loss,mean_m_l2_error,median_m_l2_error,sd_m_l2_error,mcse_m_l2_error,q25_m_l2_error,q75_m_l2_error,mean_q_l2_error,median_q_l2_error,sd_q_l2_error,mcse_q_l2_error,q25_q_l2_error,q75_q_l2_error,mean_theta_epoch_gap,median_theta_epoch_gap,sd_theta_epoch_gap,mcse_theta_epoch_gap,q25_theta_epoch_gap,q75_theta_epoch_gap,mean_abs_theta_epoch_gap,median_abs_theta_epoch_gap,sd_abs_theta_epoch_gap,mcse_abs_theta_epoch_gap,q25_abs_theta_epoch_gap,q75_abs_theta_epoch_gap,mean_theta_regret,median_theta_regret,sd_theta_regret,mcse_theta_regret,q25_theta_regret,q75_theta_regret,mean_theta_squared_regret,median_theta_squared_regret,sd_theta_squared_regret,mcse_theta_squared_regret,q25_theta_squared_regret,q75_theta_squared_regret,mean_q_regret,median_q_regret,sd_q_regret,mcse_q_regret,q25_q_regret,q75_q_regret,mean_best_validation_loss,median_best_validation_loss,sd_best_validation_loss,mcse_best_validation_loss,q25_best_validation_loss,q75_best_validation_loss,mean_empirical_validation_check_loss,median_empirical_validation_check_loss,sd_empirical_validation_check_loss,mcse_empirical_validation_check_loss,q25_empirical_validation_check_loss,q75_empirical_validation_check_loss,theta_1_true,theta_1_mean,theta_1_bias,theta_1_sd,theta_1_bias_mcse,theta_1_rmse,theta_2_true,theta_2_mean,theta_2_bias,theta_2_sd,theta_2_bias_mcse,theta_2_rmse,theta_vector_rmse,proportion_early_stopping,proportion_max_epochs,proportion_before_theta_oracle,proportion_equal_theta_oracle,proportion_after_theta_oracle,proportion_within_10_epochs,proportion_within_25_epochs
1,max_epochs,max_epochs_100,15,100,linear,10,True,True,0.0,54.5,58.0,18.709771659631645,5.916549294610461,41.5,69.0,69.5,73.0,18.709771659631645,5.916549294610461,56.5,84.0,0.6408211136352582,0.658164703010437,0.2021904369051511,0.06393823017248434,0.527005923709384,0.7522541737117839,0.5358174877512087,0.5327526531068141,0.024893679018579803,0.007872072503985722,0.5283780271351655,0.5488698615678314,0.5602107077836991,0.562998503446579,0.037375056707780456,0.011819030687454046,0.5340332090854645,0.5788764506578445,0.5940731534219563,0.5912014739415015,0.01454175525306458,0.00459850677764023,0.5833278726889195,0.6032814975258328,0.6679446273980812,0.6498549558346445,0.21796933250052875,0.06892795507682355,0.5070018389749,0.7446382517988894,0.4779805168358119,0.45911686184174144,0.08293710855162868,0.02622701655717752,0.4090736480409861,0.5267794022503888,-298.8,-235.5,237.8845658437442,75.22570482665262,-331.25,-145.25,298.8,235.5,237.8845658437442,75.22570482665262,145.25,331.25,0.5625573963440237,0.5873606700435354,0.20584509183509445,0.06509393353654276,0.5030869558080397,0.6578048244557225,0.434940984413247,0.4308072149281914,0.2523677615537771,0.07980569345082097,0.259135676007193,0.5608455721650034,0.03542362882652057,0.030264042147437664,0.029365449184971196,0.009286170393844415,0.014784106978122755,0.04420030242753342,0.5602107077836991,0.562998503446579,0.037375056707780456,0.011819030687454046,0.5340332090854645,0.5788764506578445,0.5640454565601795,0.5605889677822516,0.02985234606772638,0.009440140707358649,0.5420326292445665,0.5905612011512473,1.0,0.778410866856575,-0.221589133143425,0.1547109333044831,0.048923892817256696,0.26578876861674255,-1.0,-0.41668234672397375,0.5833176532760262,0.2014983347953913,0.06371936826845948,0.6138411078253349,0.6689129802739955,1.0,0.0,1.0,0.0,0.0,0.0,0.0
1,max_epochs,max_epochs_1000,15,1000,linear,10,True,True,0.0,54.5,58.0,18.709771659631645,5.916549294610461,41.5,69.0,69.5,73.0,18.709771659631645,5.916549294610461,56.5,84.0,0.6408211136352582,0.658164703010437,0.2021904369051511,0.06393823017248434,0.527005923709384,0.7522541737117839,0.5358174877512087,0.5327526531068141,0.024893679018579803,0.007872072503985722,0.5283780271351655,0.5488698615678314,0.5602107077836991,0.562998503446579,0.037375056707780456,0.011819030687454046,0.5340332090854645,0.5788764506578445,0.5940731534219563,0.5912014739415015,0.01454175525306458,0.00459850677764023,0.5833278726889195,0.6032814975258328,0.6679446273980812,0.6498549558346445,0.21796933250052875,0.06892795507682355,0.5070018389749,0.7446382517988894,0.4779805168358119,0.45911686184174144,0.08293710855162868,0.02622701655717752,0.4090736480409861,0.5267794022503888,-298.8,-235.5,237.8845658437442,75.22570482665262,-331.25,-145.25,298.8,235.5,237.8845658437442,75.22570482665262,145.25,331.25,0.5625573963440237,0.5873606700435354,0.20584509183509445,0.06509393353654276,0.5030869558080397,0.6578048244557225,0.434940984413247,0.4308072149281914,0.2523677615537771,0.07980569345082097,0.259135676007193,0.5608455721650034,0.03542362882652057,0.030264042147437664,0.029365449184971196,0.009286170393844415,0.014784106978122755,0.04420030242753342,0.5602107077836991,0.562998503446579,0.037375056707780456,0.011819030687454046,0.5340332090854645,0.5788764506578445,0.5640454565601795,0.5605889677822516,0.02985234606772638,0.009440140707358649,0.5420326292445665,0.5905612011512473,1.0,0.778410866856575,-0.221589133143425,0.1547109333044831,0.048923892817256696,0.26578876861674255,-1.0,-0.41668234672397375,0.5833176532760262,0.2014983347953913,0.06371936826845948,0.6138411078253349,0.6689129802739955,1.0,0.0,1.0,0.0,0.0,0.0,0.0
1,max_epochs,max_epochs_200,15,200,linear,10,True,True,0.0,54.5,58.0,18.709771659631645,5.916549294610461,41.5,69.0,69.5,73.0,18.709771659631645,5.916549294610461,56.5,84.0,0.6408211136352582,0.658164703010437,0.2021904369051511,0.06393823017248434,0.527005923709384,0.7522541737117839,0.5358174877512087,0.5327526531068141,0.024893679018579803,0.007872072503985722,0.5283780271351655,0.5488698615678314,0.5602107077836991,0.562998503446579,0.037375056707780456,0.011819030687454046,0.5340332090854645,0.5788764506578445,0.5940731534219563,0.5912014739415015,0.01454175525306458,0.00459850677764023,0.5833278726889195,0.6032814975258328,0.6679446273980812,0.6498549558346445,0.21796933250052875,0.06892795507682355,0.5070018389749,0.7446382517988894,0.4779805168358119,0.45911686184174144,0.08293710855162868,0.02622701655717752,0.4090736480409861,0.5267794022503888,-298.8,-235.5,237.8845658437442,75.22570482665262,-331.25,-145.25,298.8,235.5,237.8845658437442,75.22570482665262,145.25,331.25,0.5625573963440237,0.5873606700435354,0.20584509183509445,0.06509393353654276,0.5030869558080397,0.6578048244557225,0.434940984413247,0.4308072149281914,0.2523677615537771,0.07980569345082097,0.259135676007193,0.5608455721650034,0.03542362882652057,0.030264042147437664,0.029365449184971196,0.009286170393844415,0.014784106978122755,0.04420030242753342,0.5602107077836991,0.562998503446579,0.037375056707780456,0.011819030687454046,0.5340332090854645,0.5788764506578445,0.5640454565601795,0.5605889677822516,0.02985234606772638,0.009440140707358649,0.5420326292445665,0.5905612011512473,1.0,0.778410866856575,-0.221589133143425,0.1547109333044831,0.048923892817256696,0.26578876861674255,-1.0,-0.41668234672397375,0.5833176532760262,0.2014983347953913,0.06371936826845948,0.6138411078253349,0.6689129802739955,1.0,0.0,1.0,0.0,0.0,0.0,0.0
1,max_epochs,max_epochs_25,15,25,linear,10,True,True,0.0,23.7,25.0,2.5407785333546005,0.8034647195462632,24.25,25.0,25.0,25.0,0.0,0.0,25.0,25.0,1.0745344253258793,1.105844326174942,0.3779109607810485,0.11950593888106782,0.7748908697800309,1.3364195880416132,0.5826075196032277,0.5803654698304088,0.0388251751360047,0.012277598398471246,0.547772131619873,0.6136661995838888,0.5810323297977448,0.5680277347564697,0.03467810522779086,0.010966179745881132,0.5594374239444733,0.6153264790773392,0.6107333187084028,0.605762135922463,0.02220566716992881,0.007022048522060027,0.592957027686209,0.63194259222688,0.8623529815618957,0.9513760418098769,0.2978976685067896,0.09420351421352662,0.5949990547544637,1.084455273143434,0.5709631918700367,0.5663924952245865,0.12460725326452174,0.03940427332933404,0.4731549212933432,0.6698267172856788,-329.6,-267.0,242.0271793736306,76.53571424867971,-382.75,-164.0,329.6,267.0,242.0271793736306,76.53571424867971,164.0,382.75,0.9962707080346453,1.0977020964734248,0.3815910931745631,0.12066969892651513,0.7482958034704937,1.258639600160774,1.2706556652952363,1.2245384835127129,0.822866997168888,0.26021339224370116,0.6000634708709229,1.781045275281247,0.12840630386074559,0.10701146662195626,0.07050942539268772,0.02229703807506054,0.07921639000673175,0.16118146600772554,0.5810323297977448,0.5680277347564697,0.03467810522779086,0.010966179745881132,0.5594374239444733,0.6153264790773392,0.5835615027386242,0.572922705623029,0.026964082856129012,0.008526791684286595,0.560815543456664,0.6040957860554088,1.0,0.5351643484085798,-0.46483565159142015,0.23377851818091694,0.07392725854707809,0.5150333377530031,-1.0,-0.049897728860378264,0.9501022711396218,0.35777955882135287,0.11313983061256627,1.008910262146257,1.1327661965564775,0.0,1.0,1.0,0.0,0.0,0.0,0.0
1,max_epochs,max_epochs_50,15,50,linear,10,True,True,0.0,40.7,40.5,9.05599862583421,2.8637582144991063,39.25,46.0,48.3,50.0,5.375872022286244,1.6999999999999997,50.0,50.0,0.8048139213857649,0.832666211169212,0.253897550624561,0.08028945523115193,0.6757556981072407,0.957500292626781,0.5514246334672137,0.5534589239778184,0.029156833923346868,0.009220200455703936,0.5292403832821732,0.5764183226457666,0.5650682091712952,0.563706248998642,0.03799216217862945,0.012014176571897392,0.5354157984256744,0.5892989039421082,0.5966849240872574,0.5965641265625192,0.01624775876332135,0.005137992456505612,0.5837062845779191,0.6088051190863627,0.740984188160951,0.7785246118284697,0.24898141559446807,0.07873483683314852,0.5208031225359834,0.8639203990076154,0.49311057658781127,0.4826542873337547,0.09713166863502505,0.030715730581941735,0.41729490385473583,0.5750044418991953,-312.6,-248.5,237.20417834056425,75.01054740649624,-359.25,-149.25,312.6,248.5,237.20417834056425,75.01054740649624,149.25,359.25,0.7265502040945302,0.8265463934780561,0.264371756259184,0.08360168987978975,0.6205404521445248,0.8940102025095842,0.6932394268823765,0.6937608751768811,0.38518773075577356,0.12180705559399352,0.4551987172070666,0.9129714767143076,0.05055368857851998,0.054222004485008496,0.031659707377549084,0.010011678536749148,0.025962375432188933,0.06337055600885934,0.5650682091712952,0.563706248998642,0.03799216217862945,0.012014176571897392,0.5354157984256744,0.5892989039421082,0.5687084634484767,0.5605889677822516,0.02931872737800149,0.009271395661202116,0.5471461035117875,0.5968105085073074,1.0,0.6978132843971252,-0.30218671560287474,0.17998211996510416,0.05691534371953941,0.34708935195893365,-1.0,-0.27123635532334445,0.7287636446766556,0.24534680579514628,0.07758547229596609,0.7650307179485643,0.8400851252392035,0.1,0.9,1.0,0.0,0.0,0.0,0.0
1,max_epochs,max_epochs_500,15,500,linear,10,True,True,0.0,54.5,58.0,18.709771659631645,5.916549294610461,41.5,69.0,69.5,73.0,18.709771659631645,5.916549294610461,56.5,84.0,0.6408211136352582,0.658164703010437,0.2021904369051511,0.06393823017248434,0.527005923709384,0.7522541737117839,0.5358174877512087,0.5327526531068141,0.024893679018579803,0.007872072503985722,0.5283780271351655,0.5488698615678314,0.5602107077836991,0.562998503446579,0.037375056707780456,0.011819030687454046,0.5340332090854645,0.5788764506578445,0.5940731534219563,0.5912014739415015,0.01454175525306458,0.00459850677764023,0.5833278726889195,0.6032814975258328,0.6679446273980812,0.6498549558346445,0.21796933250052875,0.06892795507682355,0.5070018389749,0.7446382517988894,0.4779805168358119,0.45911686184174144,0.08293710855162868,0.02622701655717752,0.4090736480409861,0.5267794022503888,-298.8,-235.5,237.8845658437442,75.22570482665262,-331.25,-145.25,298.8,235.5,237.8845658437442,75.22570482665262,145.25,331.25,0.5625573963440237,0.5873606700435354,0.20584509183509445,0.06509393353654276,0.5030869558080397,0.6578048244557225,0.434940984413247,0.4308072149281914,0.2523677615537771,0.07980569345082097,0.259135676007193,0.5608455721650034,0.03542362882652057,0.030264042147437664,0.029365449184971196,0.009286170393844415,0.014784106978122755,0.04420030242753342,0.5602107077836991,0.562998503446579,0.037375056707780456,0.011819030687454046,0.5340332090854645,0.5788764506578445,0.5640454565601795,0.5605889677822516,0.02985234606772638,0.009440140707358649,0.5420326292445665,0.5905612011512473,1.0,0.778410866856575,-0.221589133143425,0.1547109333044831,0.048923892817256696,0.26578876861674255,-1.0,-0.41668234672397375,0.5833176532760262,0.2014983347953913,0.06371936826845948,0.6138411078253349,0.6689129802739955,1.0,0.0,1.0,0.0,0.0,0.0,0.0
2,max_epochs,max_epochs_100,15,100,additive,10,True,True,0.0,64.1,61.0,15.538125155028625,4.913586605864736,56.0,76.0,78.6,76.0,14.668181739927943,4.638486343146388,71.0,91.0,0.5919217269173738,0.6338773050661214,0.14952917172551256,0.04728527592910696,0.5171803018223251,0.7173331624287811,0.5194001403549143,0.5291519665818805,0.034904678750643646,0.011037828584851432,0.5002328981850803,0.5386170579860393,0.6201047897338867,0.6120194494724274,0.034116064356213616,0.010788446816652104,0.5983233153820038,0.6214696764945984,0.6130354005378975,0.6146432931168335,0.011423757275618677,0.0036125092427874927,0.6044593683684185,0.6219830128634081,0.6779992814553144,0.6299702800031864,0.1547944952689982,0.04895031743061928,0.5555979258187351,0.7290036299922544,0.6194740510677355,0.6472727333022309,0.05091574495733862,0.016100972282942272,0.5693027387310039,0.6558535954650823,-519.3,-537.0,261.4914700117174,82.69086339426435,-674.0,-287.25,519.3,537.0,261.4914700117174,82.69086339426435,287.25,674.0,0.43845131265995363,0.4545328558889118,0.15515818359715366,0.04906532577815829,0.3109385825803568,0.5654896576654851,0.33774583478905296,0.3682496493795995,0.15928291627508134,0.05036968077831601,0.2292165059752913,0.47144404827711495,0.033363881001035246,0.026887160832083923,0.0265557088453116,0.00839765248314647,0.018038651050108434,0.038247910737220864,0.6201047897338867,0.6120194494724274,0.034116064356213616,0.010788446816652104,0.5983233153820038,0.6214696764945984,0.6238882817418188,0.6130068705479645,0.042986198894287626,0.013593429645896044,0.5967613261285136,0.6282851218545553,1.0,0.7103452503681182,-0.2896547496318817,0.20310955909506595,0.06422888212929763,0.3478908128716839,-1.0,-0.5344130754470825,0.4655869245529175,0.19059906924952597,0.060272717873666184,0.4994661039485574,0.6086825171417954,0.9,0.1,1.0,0.0,0.0,0.0,0.0
2,max_epochs,max_epochs_1000,15,1000,additive,10,True,True,0.0,65.9,61.0,19.42764353526524,6.14356031412839,56.0,76.0,80.9,76.0,19.42764353526524,6.14356031412839,71.0,91.0,0.5836285251731189,0.623199788241666,0.15153045516010086,0.047918137318793325,0.5017860558739156,0.7173331624287811,0.5170274978804693,0.5291519665818805,0.03683810302713796,0.011649231024569951,0.4964677597673446,0.5386170579860393,0.6195825457572937,0.6120194494724274,0.034102850062226936,0.010784268089985206,0.5983233153820038,0.6175528466701508,0.6125368745788318,0.6146432931168335,0.011831847755454799,0.003741558783558809,0.6022222850168755,0.6219830128634081,0.6630985284785619,0.6299702800031864,0.12669344782421338,0.04006398597442181,0.5555979258187351,0.7290036299922544,0.617854214530348,0.639173550615293,0.050280414855780865,0.01590006326424341,0.5693027387310039,0.6558535954650823,-517.5,-537.0,263.3465186572416,83.27748128329102,-674.0,-273.75,517.5,537.0,263.3465186572416,83.27748128329102,273.75,674.0,0.4301581109156987,0.4545328558889118,0.1674261463369356,0.05294479622893733,0.3109385825803568,0.5654896576654851,0.3285390144676553,0.3682496493795995,0.16778266656927948,0.05305753782555125,0.1695544697923761,0.47144404827711495,0.03174404446364767,0.024461017734836166,0.026631318192738045,0.008421562258173126,0.018015800391772224,0.03285812902616769,0.6195825457572937,0.6120194494724274,0.034102850062226936,0.010784268089985206,0.5983233153820038,0.6175528466701508,0.6235245504463113,0.6130068705479645,0.04292616729340995,0.013574445986860082,0.5967613261285136,0.6255571371382502,1.0,0.7145720779895782,-0.2854279220104218,0.2097784588188844,0.06633777339075105,0.3479589060064006,-1.0,-0.5427557110786438,0.4572442889213562,0.18601029341979564,0.0588216195442785,0.4901144622264306,0.6010720309186532,1.0,0.0,1.0,0.0,0.0,0.0,0.0
2,max_epochs,max_epochs_200,15,200,additive,10,True,True,0.0,65.9,61.0,19.42764353526524,6.14356031412839,56.0,76.0,80.9,76.0,19.42764353526524,6.14356031412839,71.0,91.0,0.5836285251731189,0.623199788241666,0.15153045516010086,0.047918137318793325,0.5017860558739156,0.7173331624287811,0.5170274978804693,0.5291519665818805,0.03683810302713796,0.011649231024569951,0.4964677597673446,0.5386170579860393,0.6195825457572937,0.6120194494724274,0.034102850062226936,0.010784268089985206,0.5983233153820038,0.6175528466701508,0.6125368745788318,0.6146432931168335,0.011831847755454799,0.003741558783558809,0.6022222850168755,0.6219830128634081,0.6630985284785619,0.6299702800031864,0.12669344782421338,0.04006398597442181,0.5555979258187351,0.7290036299922544,0.617854214530348,0.639173550615293,0.050280414855780865,0.01590006326424341,0.5693027387310039,0.6558535954650823,-517.5,-537.0,263.3465186572416,83.27748128329102,-674.0,-273.75,517.5,537.0,263.3465186572416,83.27748128329102,273.75,674.0,0.4301581109156987,0.4545328558889118,0.1674261463369356,0.05294479622893733,0.3109385825803568,0.5654896576654851,0.3285390144676553,0.3682496493795995,0.16778266656927948,0.05305753782555125,0.1695544697923761,0.47144404827711495,0.03174404446364767,0.024461017734836166,0.026631318192738045,0.008421562258173126,0.018015800391772224,0.03285812902616769,0.6195825457572937,0.6120194494724274,0.034102850062226936,0.010784268089985206,0.5983233153820038,0.6175528466701508,0.6235245504463113,0.6130068705479645,0.04292616729340995,0.013574445986860082,0.5967613261285136,0.6255571371382502,1.0,0.7145720779895782,-0.2854279220104218,0.2097784588188844,0.06633777339075105,0.3479589060064006,-1.0,-0.5427557110786438,0.4572442889213562,0.18601029341979564,0.0588216195442785,0.4901144622264306,0.6010720309186532,1.0,0.0,1.0,0.0,0.0,0.0,0.0
2,max_epochs,max_epochs_25,15,25,additive,10,True,True,0.0,24.2,24.0,0.7888106377466155,0.24944382578492943,24.0,25.0,25.0,25.0,0.0,0.0,25.0,25.0,1.1859924469903527,1.2314157556827303,0.20743582898596433,0.06559696879208234,1.011668338958676,1.301167501277067,0.5985755107622165,0.6013214037350163,0.021607354596195845,0.006832845473488667,0.582610406912905,0.60898489499618,0.6745019495487213,0.6745711266994476,0.03724598408491381,0.011778214340270992,0.6547805368900299,0.6917302012443542,0.6511539910767291,0.652675772575694,0.014800318333578076,0.004680271602965445,0.6410416576187933,0.658667341895485,0.9215157783506246,0.8156605454093148,0.3434766437148926,0.10861685172092186,0.6370580054209927,1.1413404109367515,0.8067146909809784,0.8036266862077119,0.06421452281780474,0.020306415096511654,0.7613505870311016,0.8422062285941967,-559.2,-579.0,260.17421513713117,82.27431082799916,-692.25,-339.5,559.2,579.0,260.17421513713117,82.27431082799916,339.5,692.25,1.0325220327329325,1.0506449095503396,0.17328360134406096,0.054797086140384726,0.8972675769595093,1.1484809464704815,1.4125561732655303,1.5117968490793676,0.47319902815961584,0.1496386715562541,1.0055221647784176,1.6414238120163502,0.22060452091427812,0.22518285802056415,0.04915448865391194,0.01554401413672658,0.17954372238608804,0.25457581329489953,0.6745019495487213,0.6745711266994476,0.03724598408491381,0.011778214340270992,0.6547805368900299,0.6917302012443542,0.6764421864828247,0.6831057485777461,0.050096717704910476,0.01584197312460001,0.6411031057819816,0.6918565823577052,1.0,0.34605037346482276,-0.6539496265351772,0.32665920362989376,0.10329871021272065,0.7236613336568443,-1.0,-0.09166341833770275,0.9083365816622972,0.32752213451002044,0.10357159291717005,0.9600099058450111,1.202208278606727,0.0,1.0,1.0,0.0,0.0,0.0,0.0
2,max_epochs,max_epochs_50,15,50,additive,10,True,True,0.0,47.6,49.0,3.1692971530679235,1.0022197585581938,45.75,50.0,50.0,50.0,0.0,0.0,50.0,50.0,0.7785194190642839,0.8098961490595021,0.16712000118927042,0.05284798463281428,0.7022443516073296,0.8970538310966957,0.5446556227732589,0.5463652770285528,0.018441683717255037,0.005831772443496656,0.5335284926532612,0.5598984329190231,0.6317787230014801,0.6215535998344421,0.03408070780834199,0.010777266094504592,0.6133892685174942,0.6398915201425552,0.619452523990889,0.6161635855872369,0.010597386129075919,0.0033511877412155033,0.6108724829026708,0.6279245410741339,0.7246191226856646,0.6916775879711357,0.1806101733535716,0.05711395163951377,0.5630984227251521,0.8332027942699914,0.6529256629331596,0.6612983832044304,0.04751828479653634,0.01502660104616056,0.6186777171360257,0.6916694529635904,-535.8,-555.0,260.05717320107385,82.23729891802947,-675.25,-315.0,535.8,555.0,260.05717320107385,82.23729891802947,315.0,675.25,0.6250490048068639,0.6320036504464703,0.1222795413288081,0.03866818618397259,0.588811457914336,0.6779498257164989,0.5984800992929226,0.6236196944248817,0.2186352284700862,0.06913852987167632,0.48417488380994,0.7796908727537661,0.06681549286645934,0.07664189199183963,0.033379505644992515,0.010555526500862413,0.04575754423139522,0.08674342399494822,0.6317787230014801,0.6215535998344421,0.03408070780834199,0.010777266094504592,0.6133892685174942,0.6398915201425552,0.6349347606785283,0.6276592221904684,0.044509348012402375,0.014075091688827987,0.6097263289636516,0.6460559863316272,1.0,0.6088204890489578,-0.3911795109510422,0.20127381737934544,0.06364836962755141,0.4352946638704697,-1.0,-0.37883131206035614,0.6211686879396439,0.24921362524544163,0.07880826797232345,0.6646406749393513,0.7944990064046283,0.0,1.0,1.0,0.0,0.0,0.0,0.0
2,max_epochs,max_epochs_500,15,500,additive,10,True,True,0.0,65.9,61.0,19.42764353526524,6.14356031412839,56.0,76.0,80.9,76.0,19.42764353526524,6.14356031412839,71.0,91.0,0.5836285251731189,0.623199788241666,0.15153045516010086,0.047918137318793325,0.5017860558739156,0.7173331624287811,0.5170274978804693,0.5291519665818805,0.03683810302713796,0.011649231024569951,0.4964677597673446,0.5386170579860393,0.6195825457572937,0.6120194494724274,0.034102850062226936,0.010784268089985206,0.5983233153820038,0.6175528466701508,0.6125368745788318,0.6146432931168335,0.011831847755454799,0.003741558783558809,0.6022222850168755,0.6219830128634081,0.6630985284785619,0.6299702800031864,0.12669344782421338,0.04006398597442181,0.5555979258187351,0.7290036299922544,0.617854214530348,0.639173550615293,0.050280414855780865,0.01590006326424341,0.5693027387310039,0.6558535954650823,-517.5,-537.0,263.3465186572416,83.27748128329102,-674.0,-273.75,517.5,537.0,263.3465186572416,83.27748128329102,273.75,674.0,0.4301581109156987,0.4545328558889118,0.1674261463369356,0.05294479622893733,0.3109385825803568,0.5654896576654851,0.3285390144676553,0.3682496493795995,0.16778266656927948,0.05305753782555125,0.1695544697923761,0.47144404827711495,0.03174404446364767,0.024461017734836166,0.026631318192738045,0.008421562258173126,0.018015800391772224,0.03285812902616769,0.6195825457572937,0.6120194494724274,0.034102850062226936,0.010784268089985206,0.5983233153820038,0.6175528466701508,0.6235245504463113,0.6130068705479645,0.04292616729340995,0.013574445986860082,0.5967613261285136,0.6255571371382502,1.0,0.7145720779895782,-0.2854279220104218,0.2097784588188844,0.06633777339075105,0.3479589060064006,-1.0,-0.5427557110786438,0.4572442889213562,0.18601029341979564,0.0588216195442785,0.4901144622264306,0.6010720309186532,1.0,0.0,1.0,0.0,0.0,0.0,0.0
3,max_epochs,max_epochs_100,15,100,deep,10,True,True,0.0,41.3,40.0,20.105554788001584,6.35793467513888,37.0,57.0,56.3,55.0,20.105554788001584,6.35793467513888,52.0,72.0,0.6942891078406802,0.6665766961352744,0.28205289884107143,0.08919295809908519,0.44270773605305225,0.9339145885133686,0.5361806708444401,0.5374629758685997,0.03750700338502304,0.011860755890431812,0.5075821178279208,0.5544247809411733,0.6010652720928192,0.5897433161735535,0.046156391874405005,0.014595932689840824,0.5664534717798233,0.6285033077001572,0.6154978095680081,0.6097146723798287,0.014990812731213147,0.004740511220768306,0.6047915845176822,0.6235192557367478,0.7484347384569495,0.7162293659674301,0.14797918781937983,0.046795127981108554,0.6639852977544186,0.876409449451199,0.647987473347039,0.6530630396484594,0.07636600030816135,0.024149049677091017,0.6011927549393383,0.6939598221870226,-564.5,-670.5,386.59518017343845,122.25213017912338,-901.0,-157.25,564.5,670.5,386.59518017343845,122.25213017912338,157.25,901.0,0.5644062438717039,0.5618052289718409,0.2763402942851813,0.08738647392223844,0.3285496157312926,0.7360502031631322,0.5297448484247603,0.44021360548205424,0.40362542702756876,0.1276375670965203,0.18054371426809013,0.8338508189253269,0.05332406956608014,0.0420920270865513,0.044613208703721687,0.014107935323220858,0.019364404950446973,0.08893775507592114,0.6010652720928192,0.5897433161735535,0.046156391874405005,0.014595932689840824,0.5664534717798233,0.6285033077001572,0.6003782801514528,0.5863090291097104,0.04628134981730959,0.0146354478609716,0.5629468165597384,0.6378950883302763,1.0,0.6897795289754868,-0.3102204710245132,0.25500503593885626,0.08063967283798798,0.3933974480870847,-1.0,-0.4026988960802555,0.5973011039197444,0.21629624317695567,0.06839887777768341,0.631564934963115,0.744067079796166,1.0,0.0,1.0,0.0,0.0,0.0,0.0
3,max_epochs,max_epochs_1000,15,1000,deep,10,True,True,0.0,41.3,40.0,20.105554788001584,6.35793467513888,37.0,57.0,56.3,55.0,20.105554788001584,6.35793467513888,52.0,72.0,0.6942891078406802,0.6665766961352744,0.28205289884107143,0.08919295809908519,0.44270773605305225,0.9339145885133686,0.5361806708444401,0.5374629758685997,0.03750700338502304,0.011860755890431812,0.5075821178279208,0.5544247809411733,0.6010652720928192,0.5897433161735535,0.046156391874405005,0.014595932689840824,0.5664534717798233,0.6285033077001572,0.6154978095680081,0.6097146723798287,0.014990812731213147,0.004740511220768306,0.6047915845176822,0.6235192557367478,0.7484347384569495,0.7162293659674301,0.14797918781937983,0.046795127981108554,0.6639852977544186,0.876409449451199,0.647987473347039,0.6530630396484594,0.07636600030816135,0.024149049677091017,0.6011927549393383,0.6939598221870226,-564.5,-670.5,386.59518017343845,122.25213017912338,-901.0,-157.25,564.5,670.5,386.59518017343845,122.25213017912338,157.25,901.0,0.5644062438717039,0.5618052289718409,0.2763402942851813,0.08738647392223844,0.3285496157312926,0.7360502031631322,0.5297448484247603,0.44021360548205424,0.40362542702756876,0.1276375670965203,0.18054371426809013,0.8338508189253269,0.05332406956608014,0.0420920270865513,0.044613208703721687,0.014107935323220858,0.019364404950446973,0.08893775507592114,0.6010652720928192,0.5897433161735535,0.046156391874405005,0.014595932689840824,0.5664534717798233,0.6285033077001572,0.6003782801514528,0.5863090291097104,0.04628134981730959,0.0146354478609716,0.5629468165597384,0.6378950883302763,1.0,0.6897795289754868,-0.3102204710245132,0.25500503593885626,0.08063967283798798,0.3933974480870847,-1.0,-0.4026988960802555,0.5973011039197444,0.21629624317695567,0.06839887777768341,0.631564934963115,0.744067079796166,1.0,0.0,1.0,0.0,0.0,0.0,0.0
3,max_epochs,max_epochs_200,15,200,deep,10,True,True,0.0,41.3,40.0,20.105554788001584,6.35793467513888,37.0,57.0,56.3,55.0,20.105554788001584,6.35793467513888,52.0,72.0,0.6942891078406802,0.6665766961352744,0.28205289884107143,0.08919295809908519,0.44270773605305225,0.9339145885133686,0.5361806708444401,0.5374629758685997,0.03750700338502304,0.011860755890431812,0.5075821178279208,0.5544247809411733,0.6010652720928192,0.5897433161735535,0.046156391874405005,0.014595932689840824,0.5664534717798233,0.6285033077001572,0.6154978095680081,0.6097146723798287,0.014990812731213147,0.004740511220768306,0.6047915845176822,0.6235192557367478,0.7484347384569495,0.7162293659674301,0.14797918781937983,0.046795127981108554,0.6639852977544186,0.876409449451199,0.647987473347039,0.6530630396484594,0.07636600030816135,0.024149049677091017,0.6011927549393383,0.6939598221870226,-564.5,-670.5,386.59518017343845,122.25213017912338,-901.0,-157.25,564.5,670.5,386.59518017343845,122.25213017912338,157.25,901.0,0.5644062438717039,0.5618052289718409,0.2763402942851813,0.08738647392223844,0.3285496157312926,0.7360502031631322,0.5297448484247603,0.44021360548205424,0.40362542702756876,0.1276375670965203,0.18054371426809013,0.8338508189253269,0.05332406956608014,0.0420920270865513,0.044613208703721687,0.014107935323220858,0.019364404950446973,0.08893775507592114,0.6010652720928192,0.5897433161735535,0.046156391874405005,0.014595932689840824,0.5664534717798233,0.6285033077001572,0.6003782801514528,0.5863090291097104,0.04628134981730959,0.0146354478609716,0.5629468165597384,0.6378950883302763,1.0,0.6897795289754868,-0.3102204710245132,0.25500503593885626,0.08063967283798798,0.3933974480870847,-1.0,-0.4026988960802555,0.5973011039197444,0.21629624317695567,0.06839887777768341,0.631564934963115,0.744067079796166,1.0,0.0,1.0,0.0,0.0,0.0,0.0
3,max_epochs,max_epochs_25,15,25,deep,10,True,True,0.0,21.1,23.5,6.384877968032487,2.0190756961210408,23.0,24.75,24.6,25.0,1.2649110640673518,0.39999999999999997,25.0,25.0,1.0136825145244417,1.0067410536270682,0.30757311917550534,0.09726316036370071,0.8639263418390534,1.116609317182676,0.5782194289004515,0.5839542820052168,0.025554394247215142,0.008081009004710378,0.5607215991184766,0.5931176437012589,0.6182906985282898,0.6123554110527039,0.04341275472905088,0.013728318444604676,0.5951717644929886,0.6440027952194214,0.6242062932000351,0.6184090465852911,0.017988575937780873,0.005688487182628691,0.6166778297112097,0.626039212095675,0.8391543175836714,0.842291777332754,0.18383728907773966,0.05813445523564525,0.7162727104608848,0.9946005498548542,0.6919558834324778,0.6829093965281934,0.08722291608683873,0.027582307899615126,0.6594172475816941,0.7352715331192113,-584.7,-692.0,384.3433216395062,121.54002998555204,-930.0,-192.75,584.7,692.0,384.3433216395062,121.54002998555204,192.75,930.0,0.883799650555465,0.808210805148307,0.3170976523137123,0.10027508220034922,0.6790063287794277,1.0452562031148094,1.0888023707163756,0.9901886988260741,0.6639881815410779,0.20997149931031767,0.7138689308933511,1.2282363117460953,0.09729247965151895,0.08564447493206134,0.04755258521821269,0.01503744779188071,0.06558373673515949,0.12885166068448659,0.6182906985282898,0.6123554110527039,0.04341275472905088,0.013728318444604676,0.5951717644929886,0.6440027952194214,0.6159956722454089,0.607877869666714,0.04494865875887649,0.014214013944772688,0.5890765383353349,0.6535221988383031,1.0,0.49736872911453245,-0.5026312708854676,0.29051004619386595,0.09186734291333461,0.5732317792285649,-1.0,-0.1404721423983574,0.8595278576016426,0.22437699133673705,0.07095423471599575,0.8854934606254657,1.054842804178902,0.1,0.9,1.0,0.0,0.0,0.0,0.0
3,max_epochs,max_epochs_50,15,50,deep,10,True,True,0.0,35.6,38.0,14.645439183885504,4.631294515455575,37.0,46.5,44.9,50.0,10.877601859887235,3.4397997357727417,50.0,50.0,0.7473768841924583,0.7291179138370614,0.2428447305346489,0.076794246625933,0.5979395628559121,0.9339145885133686,0.5425275997184338,0.5374629758685997,0.032013727346892756,0.010123629480780048,0.5211437638680667,0.5595139101232364,0.6044959545135498,0.5936668515205383,0.045441709378025295,0.014369930240599332,0.5714375674724579,0.6294074505567551,0.6146891281422815,0.6083411281355162,0.014899380096609438,0.004711597682986541,0.6046926501620358,0.6217924769588721,0.7475537276893057,0.724065133318061,0.16690054823994108,0.05277858751690206,0.6516094194923241,0.8922123889975953,0.6428709808660084,0.6355350144549925,0.0723651307610369,0.022883863638079056,0.6162938068582647,0.6813552715044394,-570.2,-673.5,383.6936856979073,121.33459706301598,-908.5,-175.25,570.2,673.5,383.6936856979073,121.33459706301598,175.25,908.5,0.6174940202234819,0.5870294818070023,0.23641654647391516,0.07476147634086214,0.45214678752015836,0.7547086855964451,0.5877574430471949,0.5244249686739781,0.3604111389784971,0.11397200932675422,0.33448770144228557,0.8338508189253269,0.04820757708504948,0.030538558339128996,0.04776346693456269,0.015104134445935865,0.006304327928329828,0.08893775507592114,0.6044959545135498,0.5936668515205383,0.045441709378025295,0.014369930240599332,0.5714375674724579,0.6294074505567551,0.6031063026720263,0.5863090291097104,0.04562093364593119,0.014426605930455217,0.5694764850798743,0.6392175449688501,1.0,0.6694132417440415,-0.33058675825595857,0.2345523700331631,0.07417197198954188,0.39849835331346106,-1.0,-0.35131529346108437,0.6486847065389156,0.18872563203352932,0.05968028500807876,0.6729394298637054,0.782079544457486,0.2,0.8,1.0,0.0,0.0,0.0,0.0
3,max_epochs,max_epochs_500,15,500,deep,10,True,True,0.0,41.3,40.0,20.105554788001584,6.35793467513888,37.0,57.0,56.3,55.0,20.105554788001584,6.35793467513888,52.0,72.0,0.6942891078406802,0.6665766961352744,0.28205289884107143,0.08919295809908519,0.44270773605305225,0.9339145885133686,0.5361806708444401,0.5374629758685997,0.03750700338502304,0.011860755890431812,0.5075821178279208,0.5544247809411733,0.6010652720928192,0.5897433161735535,0.046156391874405005,0.014595932689840824,0.5664534717798233,0.6285033077001572,0.6154978095680081,0.6097146723798287,0.014990812731213147,0.004740511220768306,0.6047915845176822,0.6235192557367478,0.7484347384569495,0.7162293659674301,0.14797918781937983,0.046795127981108554,0.6639852977544186,0.876409449451199,0.647987473347039,0.6530630396484594,0.07636600030816135,0.024149049677091017,0.6011927549393383,0.6939598221870226,-564.5,-670.5,386.59518017343845,122.25213017912338,-901.0,-157.25,564.5,670.5,386.59518017343845,122.25213017912338,157.25,901.0,0.5644062438717039,0.5618052289718409,0.2763402942851813,0.08738647392223844,0.3285496157312926,0.7360502031631322,0.5297448484247603,0.44021360548205424,0.40362542702756876,0.1276375670965203,0.18054371426809013,0.8338508189253269,0.05332406956608014,0.0420920270865513,0.044613208703721687,0.014107935323220858,0.019364404950446973,0.08893775507592114,0.6010652720928192,0.5897433161735535,0.046156391874405005,0.014595932689840824,0.5664534717798233,0.6285033077001572,0.6003782801514528,0.5863090291097104,0.04628134981730959,0.0146354478609716,0.5629468165597384,0.6378950883302763,1.0,0.6897795289754868,-0.3102204710245132,0.25500503593885626,0.08063967283798798,0.3933974480870847,-1.0,-0.4026988960802555,0.5973011039197444,0.21629624317695567,0.06839887777768341,0.631564934963115,0.744067079796166,1.0,0.0,1.0,0.0,0.0,0.0,0.0
