n,replication,seed,experiment,theta1_hat,theta2_hat,theta1_error,theta2_error,sqrt_n_theta1_error,sqrt_n_theta2_error,oracle_se1,oracle_se2,T1,T2,coverage1,coverage2,empirical_check_loss,Cn1,Cn2,lhs1,lhs2,minus_Sn1,minus_Sn2,IF_gap1,IF_gap2,IF_gap_norm,sandwich
1000,1,1020264930,experiment0_exact_m0,0.8421658060368575,-0.9839233306128196,-0.15783419396314247,0.016076669387180442,-4.991155455803283,0.5083889245299358,0.0960618043436349,0.05794539594193203,-1.64304840036664,0.27744515549244186,1.0,1.0,0.5520889570494464,0.0,0.0,-0.7444169905705829,-0.8276976868889105,-0.7747580267412529,-0.7685497790532744,0.030341036170670077,-0.05914790783563617,0.06647596164962806,linear_QR_raw_X
1000,2,1020265939,experiment0_exact_m0,0.965330129728451,-0.9551906329971064,-0.034669870271549,0.04480936700289362,-1.0963575624065522,1.4169966023953662,0.09570158682313831,0.060238048635016896,-0.3622705894691254,0.7438714901671889,1.0,1.0,0.5606606229693349,0.0,0.0,0.13587153118398926,0.436379275527536,0.15811388300841897,0.3974695939080364,-0.022242351824429712,0.03890968161949965,0.04481836162124336,linear_QR_raw_X
1000,3,1020266948,experiment0_exact_m0,0.8618980384205788,-0.9255541115619638,-0.13810196157942123,0.07444588843803623,-4.367167479280356,2.354185698989894,0.09411003652691496,0.057063180928396545,-1.4674520027406939,1.3046221263313675,1.0,1.0,0.5259492375778997,0.0,0.0,-0.25731542133213064,0.16963044084136977,-0.17392527130926086,0.09862152239490336,-0.08339015002286979,0.07100891844646641,0.10952709080302302,linear_QR_raw_X
1000,4,1020267957,experiment0_exact_m0,0.9263514157773742,-0.95422690856221,-0.07364858422262577,0.04577309143778996,-2.3289727259023882,1.4474722449056772,0.09480225636782119,0.05818912609372479,-0.7768653093748976,0.786626205110274,1.0,1.0,0.5253858713155402,0.0,0.0,-0.09571195374465506,0.17134433906063407,-0.15811388300841897,0.07287310502306178,0.06240192926376391,0.09847123403757228,0.1165786631795121,linear_QR_raw_X
1000,5,1020268966,experiment0_exact_m0,1.0136632623310318,-1.0066032292923568,0.013663262331031767,-0.006603229292356794,0.4320702923444189,-0.20881244476189345,0.09331724067307837,0.05738040920038942,0.14641734188110817,-0.11507811436646186,1.0,1.0,0.5502468762163998,0.0,0.0,0.032023073629174996,-0.003705509492726228,0.03162277660168379,-0.01648400280198085,0.0004002970274912046,0.012778493309254624,0.012784761592023665,linear_QR_raw_X
1000,6,1020269975,experiment0_exact_m0,1.06343142920319,-1.0826478888479567,0.06343142920318989,-0.08264788884795671,2.0058779152179955,-2.613555725639728,0.093871455220223,0.058301769129248754,0.6757264927275217,-1.4175880094604887,1.0,1.0,0.5568657271027885,0.0,0.0,-0.23588278159389875,-0.8158401040223272,-0.18973665961010278,-0.7264228134879717,-0.046146121983795974,-0.08941729053435554,0.100622643677498,linear_QR_raw_X
1000,7,1020270984,experiment0_exact_m0,0.9767710719905942,-1.0812844372065018,-0.02322892800940579,-0.0812844372065018,-0.7345632011380347,-2.570439598974801,0.0934859885806046,0.05613456979355869,-0.24847496787582843,-1.4480281492391343,1.0,1.0,0.5445761637623062,0.0,0.0,-0.7132798793369015,-1.4500009447269027,-0.6324555320336759,-1.1960292977373235,-0.08082434730322563,-0.2539716469895792,0.2665223679010673,linear_QR_raw_X
1000,8,1020271993,experiment0_exact_m0,1.0795830429032258,-1.0312679971598873,0.07958304290322582,-0.03126799715988726,2.5166367870109267,-0.9887808889691981,0.08998397801305713,0.054306360502782015,0.8844134773823615,-0.5757704414436954,1.0,1.0,0.5626906786328306,0.0,0.0,0.23712128451091066,0.05844384185815955,0.18973665961010278,-0.1081058649979065,0.04738462490080789,0.16654970685606604,0.17315919707261232,linear_QR_raw_X
1000,9,1020273002,experiment0_exact_m0,0.8835141823633418,-0.8960410679042223,-0.11648581763665822,0.10395893209577767,-3.6836049883885207,3.2874700854143923,0.09186149410775855,0.057038950403338035,-1.2680592534235726,1.8225954608325643,1.0,1.0,0.5506835053099207,0.0,0.0,0.07276910318624862,0.7770795936903625,0.17392527130926086,1.1808073197491271,-0.10115616812301224,-0.4037277260587646,0.41620745685044136,linear_QR_raw_X
1000,10,1020274011,experiment0_exact_m0,0.911763148084528,-0.970380252838415,-0.08823685191547204,0.029619747161584997,-2.790294256158827,0.93665864748916,0.09373962745382722,0.05638259552824301,-0.941297232687791,0.525334935082014,1.0,1.0,0.5617009932731087,0.0,0.0,-0.2959253613155622,-0.1744410448220686,-0.25298221281347033,-0.12635318611302876,-0.042943148502091855,-0.04808785870903984,0.064471359210841,linear_QR_raw_X
1000,11,1020275020,experiment0_exact_m0,1.0135122188623475,-1.0037747792942522,0.013512218862347547,-0.003774779294252184,0.4272938784770744,-0.11936900234279843,0.09198785566086995,0.0561323601311806,0.14689133435355656,-0.06724782790943715,1.0,1.0,0.5248055131841499,0.0,0.0,0.052136925738582446,0.038661145341743974,0.14230249470757708,0.08651041320280602,-0.09016556896899464,-0.04784926786106204,0.10207537539652839,linear_QR_raw_X
1000,12,1020276029,experiment0_exact_m0,1.0270181638441789,-0.9729723934067848,0.027018163844178877,0.027027606593215237,0.8543893594321589,0.8546879653754413,0.09522223709820747,0.05835404031924377,0.2837379657055703,0.463165985514497,1.0,1.0,0.5478259725965902,0.0,0.0,0.36685015255162134,0.6358450479422558,0.20554804791094466,0.4666383406352426,0.16130210464067668,0.1692067073070132,0.23377185193943484,linear_QR_raw_X
1000,13,1020277038,experiment0_exact_m0,1.053157825585967,-1.0349391222261477,0.053157825585967045,-0.0349391222261477,1.6809980431363067,-1.1048720568163937,0.0944036379184754,0.05774685090197161,0.5630908591877868,-0.6050394381757499,1.0,1.0,0.5325424159130497,0.0,0.0,0.05420385962502109,-0.15699451917020715,0.015811388300841896,-0.15782880353178486,0.038392471324179195,0.0008342843615777029,0.038401534927316315,linear_QR_raw_X
1000,14,1020278047,experiment0_exact_m0,0.7967564449669047,-1.0132052234242066,-0.20324355503309532,-0.013205223424206602,-6.427125536543599,-0.41758583031900726,0.09225888036128063,0.05355131356457253,-2.2029701014927223,-0.24659009359842604,0.0,1.0,0.5474121808298921,0.0,0.0,-1.2251456853319123,-1.6588346934084979,-0.9012491331479882,-1.3558854108172638,-0.3238965521839241,-0.3029492825912341,0.4434943566035276,linear_QR_raw_X
1000,15,1020279056,experiment0_exact_m0,1.0100636960042164,-1.0603221927636712,0.010063696004216416,-0.060322192763671234,0.3182420105285936,-1.907555225889282,0.09420154465505523,0.05991287316980769,0.10683153913311504,-1.0068319139478328,1.0,1.0,0.5626835634378679,0.0,0.0,-0.37873474894304215,-0.8211252774721044,-0.5059644256269407,-1.168931744708309,0.1272296766838985,0.34780646723620456,0.37034676896176427,linear_QR_raw_X
1000,16,1020280065,experiment0_exact_m0,0.949374290310634,-1.0630021959970144,-0.05062570968936597,-0.0630021959970144,-1.6009255078085187,-1.9923043694290832,0.09002360802635423,0.054485123527937704,-0.562360371898729,-1.1563192283983625,1.0,1.0,0.5229053691931381,0.0,0.0,-0.7196985404281362,-1.3246572423464662,-0.6482669203345178,-0.983011033503046,-0.07143162009361836,-0.34164620884342023,0.3490338212355372,linear_QR_raw_X
1000,17,1020281074,experiment0_exact_m0,1.1194664477086995,-1.0671633866995998,0.11946644770869952,-0.06716338669959976,3.7778607872889434,-2.1238927734139437,0.08995461954441021,0.0567103740819742,1.3280746260031642,-1.1843227590513836,1.0,1.0,0.5614744176567029,0.0,0.0,0.2381230817892059,-0.17119079464198292,0.33203915431767983,0.03233284311230931,-0.09391607252847392,-0.20352363775429222,0.22414749564497466,linear_QR_raw_X
1000,18,1020282083,experiment0_exact_m0,0.7669637881208548,-0.8668199347311227,-0.23303621187914525,0.13318006526887727,-7.369252068356861,4.211523451795372,0.09044753718612096,0.05446458304398883,-2.576479350671632,2.445259980441109,0.0,0.0,0.566989165261213,0.0,0.0,-0.40317052503719225,0.4702292045889566,-0.37947331922020555,0.35438378225835837,-0.0236972058169867,0.11584542233059825,0.11824432095659942,linear_QR_raw_X
1000,19,1020283092,experiment0_exact_m0,1.0653601209899413,-0.9915170207407497,0.06536012098994126,0.008482979259250345,2.0668685047239364,0.26825535803199074,0.09216976772575955,0.055894654799884036,0.7091275436910367,0.15176727165811113,1.0,1.0,0.5502889863709911,0.0,0.0,0.4455552934553275,0.6124422677827597,0.2687936011143123,0.32110334681051506,0.17676169234101524,0.2913389209722446,0.3407683417697887,linear_QR_raw_X
1000,20,1020284101,experiment0_exact_m0,0.9300932827123726,-0.926207936357372,-0.06990671728762743,0.07379206364262803,-2.2106445037437084,2.3335099435480586,0.09358822310277867,0.057227972806021474,-0.7469606214326326,1.28944046109674,1.0,1.0,0.5537492044033897,0.0,0.0,0.13307917162436678,0.6511932077305123,0.15811388300841897,0.6167794903620222,-0.025034711384052194,0.03441371736849008,0.042556324056491394,linear_QR_raw_X
1000,21,1020285110,experiment0_exact_m0,0.9207385605501618,-1.0216576961720394,-0.07926143944983821,-0.021657696172039387,-2.5064667928501203,-0.6848764877555438,0.09381532276199243,0.057757851631127746,-0.8448666712038381,-0.37497406084902385,1.0,1.0,0.5541597182319397,0.0,0.0,-0.6202921444597713,-0.9082700773992168,-0.5850213671311502,-0.7858344264563362,-0.03527077732862116,-0.12243565094288067,0.1274147415143636,linear_QR_raw_X
1000,22,1020286119,experiment0_exact_m0,1.1775419879576607,-1.0632535112425197,0.17754198795766074,-0.06325351124251966,5.61437062260394,-2.0002516552942935,0.09087930324243568,0.05557649031714155,1.9536019932287323,-1.138134324092255,1.0,1.0,0.5573115667995523,0.0,0.0,0.5982029512963863,0.29529285509407316,0.7273238618387272,0.6233714320084757,-0.12912091054234087,-0.3280785769144025,0.35257305933588107,linear_QR_raw_X
1000,23,1020287128,experiment0_exact_m0,0.9127097123956328,-0.9216646029040182,-0.08729028760436719,0.0783353970959818,-2.7603612644096316,2.477182762370422,0.09210375694339056,0.05583123337570846,-0.9477386211076942,1.403074808841043,1.0,1.0,0.5643870939404643,0.0,0.0,0.05657601510445653,0.6106098597611543,0.12649110640673517,0.7813352222177851,-0.06991509130227863,-0.17072536245663072,0.18448650188497231,linear_QR_raw_X
1000,24,1020288137,experiment0_exact_m0,0.86257115369688,-0.962536811550426,-0.13742884630312002,0.03746318844957397,-4.345881705270702,1.1846900391276582,0.09603369414368987,0.06020531481154066,-1.4310482120732844,0.6222571639537829,1.0,1.0,0.5443375117611554,0.0,0.0,-0.5414079522489659,-0.4515535230741066,-0.8380035799446205,-0.5887449721284208,0.2965956276956546,0.13719144905431419,0.3267880965729961,linear_QR_raw_X
1000,25,1020289146,experiment0_exact_m0,0.99734950391636,-1.014639458017871,-0.002650496083639986,-0.014639458017871032,-0.08381604553658507,-0.46294031046886425,0.09455448473636137,0.06028414555035989,-0.028031415865996733,-0.24284093079898744,1.0,1.0,0.5536664515774856,0.0,0.0,-0.12062739060064405,-0.23248281622329967,-0.15811388300841897,-0.3690508579400459,0.03748649240777492,0.13656804171674622,0.14161944475030644,linear_QR_raw_X
1000,26,1020290155,experiment0_exact_m0,0.8868094221802671,-0.9019216331704656,-0.11319057781973285,0.09807836682953441,-3.5794003558089167,3.1015102837083606,0.0942049149767071,0.05834289382711309,-1.2015357993552682,1.6810679141176823,1.0,1.0,0.5436899384458859,0.0,0.0,0.041322399646299315,0.6704734473632267,0.28460498941515416,1.1417776128123862,-0.24328258976885486,-0.47130416544915954,0.5303904550935751,linear_QR_raw_X
1000,27,1020291164,experiment0_exact_m0,1.0450153625498553,-1.026600357114899,0.045015362549855276,-0.026600357114898943,1.4235107535578764,-0.8411771505694593,0.09162267924890877,0.05721900581552269,0.4913124448976579,-0.46488674061657065,1.0,1.0,0.5845149969592606,0.0,0.0,0.07646155701029904,-0.08379329414885395,0.06324555320336758,-0.2729349027369439,0.013216003806931456,0.18914160858808993,0.18960277122424934,linear_QR_raw_X
1000,28,1020292173,experiment0_exact_m0,0.9535069552626984,-0.933073540495962,-0.04649304473730165,0.06692645950403797,-1.4702391672597803,2.11640047763783,0.092461990827533,0.05617887294824351,-0.5028341302322156,1.1913101134245965,1.0,1.0,0.5248833724194933,0.0,0.0,0.19357534774091636,0.6915741831205768,0.39528470752104744,1.3668014296488118,-0.20170935978013108,-0.675227246528235,0.7047116433528058,linear_QR_raw_X
1000,29,1020293182,experiment0_exact_m0,1.0983824880604047,-1.062750955368585,0.09838248806040473,-0.06275095536858499,3.111127441452002,-1.9843594431629934,0.09289680309178204,0.056176739134514986,1.0590513859040211,-1.1170273735242637,1.0,1.0,0.5363892417825211,0.0,0.0,0.11645127433628949,-0.2825993768209018,0.12649110640673517,-0.3438585423683597,-0.010039832070445676,0.06125916554745792,0.06207643346370347,linear_QR_raw_X
1000,30,1020294191,experiment0_exact_m0,0.984080208492662,-1.034984246867806,-0.01591979150733802,-0.0349842468678061,-0.5034280103819332,-1.1062990232787884,0.0907137884634088,0.05550614375188041,-0.17549472662317023,-0.630277019859102,1.0,1.0,0.5487975408940776,0.0,0.0,-0.3381113462361361,-0.6537901790652083,-0.33203915431767983,-0.7729156255863652,-0.00607219191845626,0.11912544652115686,0.11928010531333198,linear_QR_raw_X
1000,31,1020295200,experiment0_exact_m0,1.0365573855696542,-1.081675670509465,0.036557385569654155,-0.081675670509465,1.1560460370107921,-2.582811482313545,0.0914238620477588,0.0570219109027645,0.39986700135854014,-1.4323558999757278,1.0,1.0,0.5371716294206056,0.0,0.0,-0.3649090189029739,-0.9797409119363601,-0.4743416490252569,-1.2912976926155437,0.10943263012228299,0.3115567806791836,0.3302167895832332,linear_QR_raw_X
1000,32,1020296209,experiment0_exact_m0,1.152639357053811,-1.124836788984286,0.15263935705381093,-0.12483678898428607,4.826880288737311,-3.9476858897216185,0.09416890785914242,0.05783096849278172,1.6209103463547485,-2.1586494613153127,1.0,0.0,0.5601546741698867,0.0,0.0,-0.008569069770455443,-0.8134449117570487,-0.07905694150420949,-0.7191609435832338,0.07048787173375404,-0.0942839681738149,0.1177200353217544,linear_QR_raw_X
1000,33,1020297218,experiment0_exact_m0,0.9808077074509252,-0.9693900849652364,-0.01919229254907484,0.030609915034763624,-0.6069135797535541,0.967970504940852,0.09328387194233687,0.05856111816260813,-0.2057407368439691,0.5227003171245519,1.0,1.0,0.5702031188125818,0.0,0.0,0.11201805465854758,0.32952582213244325,0.06324555320336758,0.09416833237269187,0.04877250145518,0.23535748975975138,0.2403578683634197,linear_QR_raw_X
1000,34,1020298227,experiment0_exact_m0,1.0219517071713786,-1.0331959613547654,0.02195170717137862,-0.033195961354765435,0.6941739319060861,-1.0497484699998758,0.09141168829831266,0.05641530304927617,0.24014114146695856,-0.5884212183664118,1.0,1.0,0.558544711709608,0.0,0.0,-0.10454786616732838,-0.350476984697553,-0.11067971810589328,-0.20430533209710092,0.0061318519385649,-0.1461716526004521,0.14630021063601972,linear_QR_raw_X
1000,35,1020299236,experiment0_exact_m0,0.9474803966950216,-1.06223950490363,-0.0525196033049784,-0.06223950490362995,-1.6608156825223859,-1.968185959366893,0.09176055218171843,0.055708222958365375,-0.5723549178406312,-1.1172408954804725,1.0,1.0,0.5520648014143703,0.0,0.0,-0.7048411138783924,-1.2823849189978125,-0.6798896969362016,-1.379587387481291,-0.02495141694219083,0.09720246848347847,0.10035383942184112,linear_QR_raw_X
1000,36,1020300245,experiment0_exact_m0,0.8544134634071928,-0.9291497408238584,-0.14558653659280718,0.07085025917614163,-4.603850522887204,2.240481918098524,0.09319136111858911,0.057943751922673876,-1.5622321086988253,1.2227420010822139,1.0,1.0,0.5405515907123459,0.0,0.0,-0.3540426486033774,0.013577419514419771,-0.4427188724235731,0.19284908314675056,0.08867622382019569,-0.1792716636323308,0.20000450508054313,linear_QR_raw_X
1000,37,1020301254,experiment0_exact_m0,0.9464581928127124,-0.981163013217456,-0.05354180718728763,0.018836986782543974,-1.6931406075340243,0.5956778248732585,0.09157984670349546,0.054901239946086006,-0.5846461761465693,0.3431067640920721,1.0,1.0,0.5580313170417479,0.0,0.0,-0.1749080781366968,-0.08383178942941087,-0.20554804791094466,-0.003460701144703752,0.030639969774247877,-0.08037108828470713,0.0860134848720537,linear_QR_raw_X
1000,38,1020302263,experiment0_exact_m0,0.9010444299205635,-0.9297708284372777,-0.09895557007943645,0.07022917156272235,-3.129249886114284,2.220841403249293,0.0935863651321289,0.05796936706797491,-1.0573716581440802,1.211487637606455,1.0,1.0,0.5730796757522261,0.0,0.0,-0.07179997325125645,0.36067781818569883,-0.3478505426185217,0.11176997178708634,0.27605056936726524,0.2489078463986125,0.37169750180326283,linear_QR_raw_X
1000,39,1020303272,experiment0_exact_m0,1.171802269804375,-1.0137184880898713,0.17180226980437507,-0.013718488089871306,5.432864797685958,-0.4338166841788601,0.08896444166947354,0.054356066640921935,1.931134131574343,-0.252381913144969,1.0,1.0,0.5782793964701064,0.0,0.0,0.8980557882536048,0.9697423862661879,0.7431352501395692,0.8605100618637918,0.1549205381140356,0.10923232440239616,0.18955757390273983,linear_QR_raw_X
1000,40,1020304281,experiment0_exact_m0,0.8683836249337957,-0.9579529033577476,-0.13161637506620427,0.04204709664225237,-4.162075225842003,1.3296459438673554,0.09103876889335598,0.055470075640609816,-1.4457178701568498,0.7580140491366043,1.0,1.0,0.5423410796367707,0.0,0.0,-0.45273299626786007,-0.24947337343505377,-0.37947331922020555,-0.2033594804896241,-0.07325967704765451,-0.04611389294542967,0.08656483930389512,linear_QR_raw_X
1000,41,1020305290,experiment0_exact_m0,0.9926919603963628,-0.9602495664699904,-0.00730803960363724,0.03975043353000962,-0.2311005037820782,1.2570190793395752,0.09320988450705103,0.05717403203534214,-0.07840412679713608,0.6952532839635638,1.0,1.0,0.5959357068395416,0.0,0.0,0.24076864523856417,0.5582747896996002,0.5217758139277826,0.977245100369073,-0.28100716868921843,-0.41897031066947277,0.5044810700880712,linear_QR_raw_X
1000,42,1020306299,experiment0_exact_m0,1.0445146260299276,-1.0352320763759677,0.04451462602992762,-0.0352320763759677,1.4076760744518995,-1.1141360804506877,0.09287622003221424,0.05809866383637194,0.4792898119075869,-0.606418014624135,1.0,1.0,0.5476366959272271,0.0,0.0,0.006382586701728976,-0.21662837609859295,-0.015811388300841896,-0.24469678769574338,0.022193975002570872,0.028068411597150428,0.035782792736199186,linear_QR_raw_X
1000,43,1020307308,experiment0_exact_m0,1.0071083852015184,-0.9396703734077057,0.007108385201518352,0.06032962659229435,0.2247868772263299,1.9077903041911262,0.09100906967329758,0.05743371234601495,0.0781063384895141,1.050421853785677,1.0,1.0,0.5669193062800684,0.0,0.0,0.4445583215436492,0.9138559476012349,0.41109609582188933,0.8083887256709897,0.033462225721759886,0.10546722193024516,0.11064834138810031,linear_QR_raw_X
1000,44,1020308317,experiment0_exact_m0,0.9745984222611354,-0.97422732494058,-0.025401577738864645,0.025772675059420047,-0.8032684181664208,0.8150035458318278,0.09463606126944771,0.05837247404003796,-0.26841330247823075,0.4415210333854009,1.0,1.0,0.5401753924646211,0.0,0.0,0.04396080977198155,0.21826063002432242,0.11067971810589328,0.3694297060883328,-0.06671890833391173,-0.1511690760640104,0.16523771448224364,linear_QR_raw_X
1000,45,1020309326,experiment0_exact_m0,0.934160977635456,-0.9520231374997288,-0.06583902236454398,0.04797686250027122,-2.0820126959072374,1.5171616048957774,0.09397816495082334,0.05621810948944177,-0.7005778671992164,0.8534058319638387,1.0,1.0,0.5080446058325783,0.0,0.0,-0.029600112747298155,0.2891052043333206,0.047434164902525694,0.4777423442739444,-0.07703427764982385,-0.1886371399406238,0.20376027703654273,linear_QR_raw_X
1000,46,1020310335,experiment0_exact_m0,0.8552400067275138,-0.9711185249852112,-0.14475999327248623,0.02888147501478877,-4.577712928117081,0.9133124323197774,0.09230598853598652,0.05777467669258559,-1.5682622066936636,0.49989851381540007,1.0,1.0,0.544398554148169,0.0,0.0,-0.6654836232111077,-0.6269176745960757,-0.7747580267412529,-0.8667509730201719,0.10927440353014528,0.23983329842409618,0.2635543706711209,linear_QR_raw_X
1000,47,1020311344,experiment0_exact_m0,0.9559926367040196,-1.009465581092276,-0.04400736329598043,-0.00946558109227591,-1.391635018337928,-0.29932795628616315,0.09435326017772169,0.05528872610653167,-0.466410627604061,-0.17120273442432724,1.0,1.0,0.577455621224718,0.0,0.0,-0.3232690381577324,-0.4864629715903726,-0.4743416490252569,-0.7157538144096464,0.1510726108675245,0.22929084281927375,0.27458555015714753,linear_QR_raw_X
1000,48,1020312353,experiment0_exact_m0,1.0749527952009983,-1.0228340521836474,0.07495279520099829,-0.022834052183647424,2.370215498312926,-0.7220761311146725,0.09156182326011163,0.05353298291788592,0.8186031310022093,-0.4265417493860282,1.0,1.0,0.5437703866316297,0.0,0.0,0.2556593898942834,0.1482536422309739,0.15811388300841897,0.19531861986218435,0.09754550688586441,-0.04706497763121045,0.10830622342712612,linear_QR_raw_X
1000,49,1020313362,experiment0_exact_m0,1.090010212816113,-1.033132668297008,0.0900102128161131,-0.033132668297007895,2.84637285175396,-1.0477469677739717,0.09201089651273485,0.0583204777958372,0.9782560134457027,-0.5681138006618465,1.0,1.0,0.5813740458204668,0.0,0.0,0.2980887293175123,0.14518097915764563,0.30041637771599605,0.07876865330996696,-0.0023276483984837615,0.06641232584767867,0.06645310355103975,linear_QR_raw_X
1000,50,1020314371,experiment0_exact_m0,1.0413951299591329,-0.9884001429030296,0.04139512995913286,0.011599857096970423,1.3090289470953262,0.36681968958895195,0.09092887707206862,0.056176321065124074,0.45524734597045347,0.20649015238151575,1.0,1.0,0.5436208571933993,0.0,0.0,0.3400836078885076,0.49629106256319583,0.28460498941515416,0.4256519983065077,0.05547861847335345,0.07063906425668814,0.08982067972784681,linear_QR_raw_X
2000,1,2020267930,experiment0_exact_m0,1.0440667667445338,-1.0171981108379191,0.0440667667445338,-0.01719811083791911,1.9707257197880939,-0.7691228983632601,0.06601367895534618,0.040339361156222386,0.6675399317517512,-0.4263357263223859,1.0,1.0,0.5596047248962325,0.0,0.0,0.18708785581284576,0.07174328553547832,0.2347871376374779,0.16973214633062322,-0.04769928182463215,-0.0979888607951449,0.1089818256706868,linear_QR_raw_X
2000,2,2020268939,experiment0_exact_m0,0.95426539196808,-1.0102940224951251,-0.04573460803191998,-0.010294022495125121,-2.0453138496736187,-0.4603626812202354,0.06584966701149265,0.039880464704476856,-0.6945305892577707,-0.25812192940594164,1.0,1.0,0.5423445587270048,0.0,0.0,-0.47382958775496287,-0.6874244089249516,-0.5701973342624463,-0.842216835875314,0.09636774650748348,0.15479242695036244,0.18233880006217515,linear_QR_raw_X
2000,3,2020269948,experiment0_exact_m0,1.0194580177865862,-0.9673112847776908,0.01945801778658618,0.032688715222309206,0.8701890095641339,1.4618837866843108,0.06590150437552589,0.04068667237081585,0.2952590835515491,0.8034256260720034,1.0,1.0,0.5625582868234837,0.0,0.0,0.48774236736378274,0.8981448150510607,0.4583939353874569,1.0016049181511306,0.02934843197632586,-0.10346010310006992,0.10754219354721255,linear_QR_raw_X
2000,4,2020270957,experiment0_exact_m0,1.12380083780034,-1.088675039354691,0.1238008378003399,-0.0886750393546909,5.536541779859712,-3.9656683180911587,0.0650821952541215,0.04078267673583959,1.9022228324804378,-2.174331026113442,1.0,0.0,0.5299068860330276,0.0,0.0,0.14146395530214956,-0.6403775324548518,0.10062305898749054,-0.5295005290252623,0.04084089631465902,-0.1108770034295895,0.11815958996759396,linear_QR_raw_X
2000,5,2020271966,experiment0_exact_m0,1.0708298690833613,-1.0700050813562283,0.07082986908336131,-0.0700050813562283,3.1676080421561323,-3.1307224136585927,0.06449926343580852,0.03956522871410115,1.0981500456025082,-1.7693586927573681,1.0,1.0,0.5823941141146541,0.0,0.0,-0.11156025967501909,-0.8149456965080514,0.03354101966249684,-0.7730737463202646,-0.14510127933751593,-0.04187195018778678,0.151021990047517,linear_QR_raw_X
2000,6,2020272975,experiment0_exact_m0,1.0578795097519922,-1.027060746394689,0.057879509751992186,-0.027060746394689028,2.5884503661963305,-1.2101933692081406,0.06539359120183738,0.040260880057719606,0.8850945281984441,-0.6721349944634509,1.0,1.0,0.5436018855357532,0.0,0.0,0.2037224060637142,-0.004595854087690883,0.12298373876248843,-0.09403498508812862,0.08073866730122577,0.08943913100043774,0.12049103930040393,linear_QR_raw_X
2000,7,2020273984,experiment0_exact_m0,0.9609724315093672,-0.9966373736853096,-0.039027568490632825,0.00336262631469042,-1.7453659228316774,0.1503812204515476,0.06551623566043553,0.04016965600799231,-0.5956930842746984,0.08371060767912424,1.0,1.0,0.5957241454364075,0.0,0.0,-0.2840212238645406,-0.31635500703718894,-0.31304951684997057,-0.3110467232401809,0.02902829298542997,-0.00530828379700804,0.029509653852892632,linear_QR_raw_X
2000,8,2020274993,experiment0_exact_m0,1.0441352234319732,-1.0110386308595825,0.04413522343197318,-0.011038630859582454,1.973787195920672,-0.49366257961106613,0.06438483283062882,0.03929337033314403,0.6854909998458115,-0.28092858326971637,1.0,1.0,0.566312470269194,0.0,0.0,0.2519219208073858,0.1982693284028408,0.3018691769624716,0.2914740217207772,-0.04994725615508583,-0.09320469331793638,0.10574423508594846,linear_QR_raw_X
2000,9,2020276002,experiment0_exact_m0,1.0097460893632568,-1.0318818855375604,0.009746089363256827,-0.03188188553756044,0.4358583666205981,-1.4258012662570514,0.06579648011457111,0.03979984287679779,0.14812478336661788,-0.8010555628637092,1.0,1.0,0.5482412137901659,0.0,0.0,-0.2517397656706989,-0.6222953704934129,-0.19006577808748212,-0.7827581676324622,-0.061673987583216766,0.16046279713904932,0.17190692251943337,linear_QR_raw_X
2000,10,2020277011,experiment0_exact_m0,1.0066750294057845,-0.9764985082494938,0.006675029405784461,0.023501491750506198,0.29851639006288166,1.0510186625356477,0.06443215688714567,0.03969312491316298,0.10359779539083133,0.5920796561601193,1.0,1.0,0.5501576936902716,0.0,0.0,0.2901906835941498,0.5782562434305828,0.2347871376374779,0.45119399239662056,0.05540354595667188,0.12706225103396224,0.13861590292023024,linear_QR_raw_X
2000,11,2020278020,experiment0_exact_m0,0.9940768238261194,-0.9861315801382722,-0.005923176173880607,0.013868419861727821,-0.264892491350083,0.6202145910266329,0.0651319666531735,0.04003708282931551,-0.09094115344960192,0.34638936909692236,1.0,1.0,0.5323751872555569,0.0,0.0,0.0955855013873848,0.24985812844946986,0.16770509831248423,0.2611037198488396,-0.07211959692509944,-0.011245591399369759,0.07299109251518565,linear_QR_raw_X
2000,12,2020279029,experiment0_exact_m0,0.9929683692361424,-0.9989129957923536,-0.007031630763857599,0.0010870042076464026,-0.31446408761328726,0.04861230600251306,0.06659185360173274,0.041242191423417784,-0.10559295744959762,0.026356606429725003,1.0,1.0,0.5505943622278507,0.0,0.0,-0.04840863675334053,-0.05072258129436271,-0.08944271909999159,-0.006764366630588917,0.04103408234665106,-0.043958214663773795,0.06013418786728692,linear_QR_raw_X
2000,13,2020280038,experiment0_exact_m0,0.9853482503531712,-0.9692228730162488,-0.014651749646828804,0.030777126983751235,-0.6552461639923549,1.3763949617562166,0.06385746702184196,0.03938039066817333,-0.22944457915653443,0.781534323594836,1.0,1.0,0.5711696084910015,0.0,0.0,0.1864153509414559,0.5263358396833759,0.20124611797498107,0.600034993262334,-0.014830767033525177,-0.07369915357895807,0.07517657141062994,linear_QR_raw_X
2000,14,2020281047,experiment0_exact_m0,0.9288211431770932,-0.9216452069052442,-0.07117885682290681,0.07835479309475579,-3.183215248334887,3.5041328744561016,0.0662522588605856,0.040212291758834014,-1.074361207407105,1.9485284142638417,1.0,1.0,0.556790452886267,0.0,0.0,0.23221196429171426,1.030013180051626,0.022360679774997897,0.702000429305828,0.20985128451671636,0.32801275074579794,0.3893968750069019,linear_QR_raw_X
2000,15,2020282056,experiment0_exact_m0,1.011613615934026,-1.0191179675759998,0.0116136159340261,-0.019117967575999817,0.5193766938611415,-0.8549815018314494,0.06467784594742057,0.040323665142143805,0.179560957293898,-0.474112844370858,1.0,1.0,0.5647855067678229,0.0,0.0,-0.09725741668193544,-0.29652337855218863,-0.05590169943749474,-0.1987129724188281,-0.0413557172444407,-0.09781040613336053,0.1061940247696407,linear_QR_raw_X
2000,16,2020283065,experiment0_exact_m0,1.047476236053804,-1.0028600119898392,0.04747623605380391,-0.0028600119898392062,2.1232018226426383,-0.12790362451489806,0.06554759314557985,0.04015308133559506,0.724301744357877,-0.07122770892563735,1.0,1.0,0.5433757453042274,0.0,0.0,0.3643951180784266,0.42335645381094167,0.3689512162874653,0.43111733377139666,-0.004556098209038684,-0.007760879960454992,0.008999404905381097,linear_QR_raw_X
2000,17,2020284074,experiment0_exact_m0,0.981867764831696,-1.0180913116583754,-0.01813223516830398,-0.01809131165837541,-0.8108982084068007,-0.8090680534052374,0.06622644258619871,0.040657033749166786,-0.2737914715063172,-0.44497372262791224,1.0,1.0,0.534336407327497,0.0,0.0,-0.3259586877003825,-0.5674395159166974,-0.38013155617496425,-0.679316770584918,0.05417286847458175,0.11187725466822063,0.12430293556816037,linear_QR_raw_X
2000,18,2020285083,experiment0_exact_m0,0.9507535596444368,-0.9778031448503796,-0.04924644035556325,0.022196855149620442,-2.202367765698567,0.9926735400253516,0.0653397322466893,0.04004876595391451,-0.7536982271312952,0.5542456707695594,1.0,1.0,0.5630131437328502,0.0,0.0,-0.17986214074501977,-0.009621348701957414,-0.2347871376374779,-0.13150699221291126,0.05492499689245814,0.12188564351095385,0.13368943629814536,linear_QR_raw_X
2000,19,2020286092,experiment0_exact_m0,0.8628508400007867,-0.9446091278170976,-0.1371491599992133,0.055390872182902395,-6.1334968963047185,2.4771551106794387,0.06531369065973476,0.03981965045888954,-2.0998531642273948,1.3910436567013273,0.0,1.0,0.5553624189053686,0.0,0.0,-0.5614788644629904,-0.15871519640882675,-0.6149186938124421,-0.16723905931155209,0.053439829349451684,0.008523862902725332,0.054115354564882735,linear_QR_raw_X
2000,20,2020287101,experiment0_exact_m0,1.1020815605572043,-1.0805140771420365,0.1020815605572043,-0.08051407714203651,4.565226173103403,-3.6006989927051127,0.0656772074769908,0.04011146857821625,1.5542920364415207,-2.0072582729060717,1.0,0.0,0.5336908839327673,0.0,0.0,0.019112613992416476,-0.737414828548482,-0.044721359549995794,-0.7003837216348905,0.06383397354241227,-0.03703110691359146,0.07379755454931573,linear_QR_raw_X
2000,21,2020288110,experiment0_exact_m0,0.9298300425201148,-0.9581302282097106,-0.07016995747988519,0.04186977179028939,-3.1380958980658624,1.872473118509803,0.06465788003516082,0.039107053310606474,-1.0852498943937987,1.0706450178626377,1.0,1.0,0.546120834682003,0.0,0.0,-0.15223089183463528,0.22969985412290547,-0.20124611797498107,0.25235487209585333,0.049015226140345786,-0.02265501797294786,0.053997613215250796,linear_QR_raw_X
2000,22,2020289119,experiment0_exact_m0,1.059095036995762,-1.043760694865689,0.05909503699576191,-0.04376069486568901,2.6428103971077714,-1.9570377692461332,0.06574682960523853,0.03988331116519391,0.8988271731212629,-1.0972181994728383,1.0,1.0,0.5373449136853924,0.0,0.0,0.03810671663724328,-0.37101712345409693,0.08944271909999159,-0.2828828390490018,-0.05133600246274831,-0.08813428440509513,0.10199528046166399,linear_QR_raw_X
2000,23,2020290128,experiment0_exact_m0,0.936651555320202,-0.9940548250827744,-0.06334844467979805,0.005945174917225571,-2.833028571458267,0.26587630506086124,0.06461254699784526,0.03958613935475778,-0.9804356525662212,0.15018324631121252,1.0,1.0,0.5467674239770706,0.0,0.0,-0.4751397787099086,-0.5280508653548449,-0.42485291572496003,-0.43527412094162093,-0.050286862984948555,-0.09277674441322398,0.10552863541609774,linear_QR_raw_X
2000,24,2020291137,experiment0_exact_m0,1.0803927671266111,-1.0253802381879291,0.08039276712661114,-0.025380238187929116,3.5952738438882594,-1.1350387574669119,0.0650228049869168,0.03894825774333717,1.236378023722399,-0.6516398847717619,1.0,1.0,0.5668842304882682,0.0,0.0,0.3933432507807525,0.2338289663896714,0.436033255612459,0.36364351000874534,-0.042690004831706485,-0.12981454361907394,0.13665376777666824,linear_QR_raw_X
2000,25,2020292146,experiment0_exact_m0,0.9323864262980444,-0.9626103094913748,-0.06761357370195564,0.03738969050862517,-3.0237709399852988,1.6721177926992916,0.06581004162838527,0.038907759984774165,-1.0274051197802687,0.9609828610862444,1.0,1.0,0.5480458326886619,0.0,0.0,-0.16193010205356748,0.17061281801732844,-0.17888543819998318,0.23265925045625083,0.0169553361464157,-0.06204643243892238,0.0643214054746607,linear_QR_raw_X
2000,26,2020293155,experiment0_exact_m0,0.9837220302622708,-0.9573469940543882,-0.016277969737729214,0.04265300594561183,-0.727972937384939,1.9075004147818153,0.06612075445493701,0.03971134096067489,-0.24618548097213663,1.0740761936961534,1.0,1.0,0.546577001147776,0.0,0.0,0.3085336801346918,0.8012066309268137,0.35777087639996635,0.8881146885710999,-0.04923719626527456,-0.08690805764428622,0.09988649548146007,linear_QR_raw_X
2000,27,2020294164,experiment0_exact_m0,0.9411449975225152,-0.94253689605077,-0.058855002477484764,0.05746310394923004,-2.6320757271114896,2.5698281325723,0.0658404261213199,0.04059420214915459,-0.8939037297394833,1.415549534342228,1.0,1.0,0.5527675535373542,0.0,0.0,0.09523429246663317,0.6471578406151954,0.19006577808748212,0.6987572097992277,-0.09483148562084895,-0.051599369184032295,0.1079606667506613,linear_QR_raw_X
2000,28,2020295173,experiment0_exact_m0,1.034711238213564,-0.9969073553069672,0.03471123821356392,0.003092644693032831,1.552333764574346,0.1383072752775076,0.06348886469848737,0.039232283398618166,0.5467295466442782,0.0788290771049477,1.0,1.0,0.5473443014976899,0.0,0.0,0.32341310914559374,0.41928957234362163,0.2906888370749727,0.3736195014290103,0.03272427207062106,0.04567007091461134,0.05618392439032413,linear_QR_raw_X
2000,29,2020296182,experiment0_exact_m0,0.9904881641154694,-0.9906145390896084,-0.00951183588453064,0.009385460910391608,-0.425382232572647,0.41973057191605395,0.06643468862361682,0.04130775815422904,-0.1431757426970055,0.22720818872206783,1.0,1.0,0.5566568174994306,0.0,0.0,0.016614655590453466,0.10405539388562544,-0.03354101966249684,0.1274624178895094,0.05015567525295031,-0.02340702400388396,0.05534871753525832,linear_QR_raw_X
2000,30,2020297191,experiment0_exact_m0,1.1222767341566398,-1.0639797530036552,0.12227673415663975,-0.06397975300365522,5.468381792818338,-2.8612615379963886,0.06431796609151642,0.03916610313242662,1.9011287450019059,-1.6335491122854329,1.0,1.0,0.5589887263595219,0.0,0.0,0.362190622684062,-0.19362378289259627,0.38013155617496425,-0.1822841102015028,-0.017940933490902256,-0.011339672691093455,0.021224167151294982,linear_QR_raw_X
2000,31,2020298200,experiment0_exact_m0,0.980153227185709,-0.9792418255135104,-0.019846772814291036,0.020758174486489644,-0.8875746629349913,0.9283337848118527,0.06478615187353416,0.03970429868861957,-0.30634282543950037,0.5228193211341006,1.0,1.0,0.5342890466377026,0.0,0.0,0.04478436189196421,0.254869335113928,0.15652475842498528,0.34370817561345346,-0.11174039653302106,-0.08883884049952545,0.14275242834591959,linear_QR_raw_X
2000,32,2020299209,experiment0_exact_m0,1.034201522394921,-1.0034071459194611,0.034201522394921025,-0.0034071459194611187,1.5295385801804964,-0.1523721977035217,0.06493177980515066,0.039515006846616775,0.5267300926842609,-0.08622410044584958,1.0,1.0,0.5525911843102037,0.0,0.0,0.23893525628672294,0.25695540334321504,0.2347871376374779,0.27559100466896214,0.004148118649245025,-0.018635601325747098,0.019091687329840738,linear_QR_raw_X
2000,33,2020300218,experiment0_exact_m0,1.0126438026466411,-0.9871544437320896,0.012643802646641111,0.012845556267910396,0.5654480442396256,0.5744707404769229,0.06440699990552905,0.03925887319966107,0.1963110013692114,0.3272013489175052,1.0,1.0,0.5483527428946823,0.0,0.0,0.2265509445905869,0.4008579714092461,0.22360679774997896,0.467858958909354,0.002944146840607925,-0.06700098750010786,0.06706564192348174,linear_QR_raw_X
2000,34,2020301227,experiment0_exact_m0,1.041266210797648,-1.0327351253251151,0.04126621079764803,-0.03273512532511513,1.8454810503475363,-1.463959309578647,0.06575015009014018,0.03950992850738107,0.627621545214332,-0.8285290953892691,1.0,1.0,0.5695244980337227,0.0,0.0,-0.00044908779191422536,-0.3195054327513722,-0.11180339887498948,-0.561615749235402,0.11135431108307525,0.2421103164840298,0.266490502541429,linear_QR_raw_X
2000,35,2020302236,experiment0_exact_m0,0.8793690907519431,-0.9592837663434568,-0.12063090924805686,0.0407162336565432,-5.394778265325264,1.8208853248759085,0.06551277251049153,0.03990987472775257,-1.8413342104967156,1.020204496613714,1.0,1.0,0.5565930525977417,0.0,0.0,-0.5851310490162819,-0.34073266277208464,-0.5254759747124506,-0.3447793528852683,-0.059655074303831324,0.004046690113183649,0.05979216998125904,linear_QR_raw_X
2000,36,2020303245,experiment0_exact_m0,1.06880006272195,-1.075960480951971,0.06880006272195005,-0.07596048095197094,3.0768323420505905,-3.3970559802436995,0.06628738543859425,0.03930372515547724,1.0379058137039276,-1.9326534737225878,1.0,1.0,0.564515221220262,0.0,0.0,-0.20752937352959214,-1.0086839455948282,-0.3018691769624716,-0.9472275751445592,0.09433980343287948,-0.06145637045026897,0.11259166923300779,linear_QR_raw_X
2000,37,2020304254,experiment0_exact_m0,0.982594752144902,-0.9553241936776996,-0.017405247855098005,0.04467580632230039,-0.778386347384631,1.9979627977255712,0.06557055059292488,0.039810083758311535,-0.2654430639625595,1.1222233691727161,1.0,1.0,0.5554267958653973,0.0,0.0,0.3225995827943893,0.8325677038541991,0.3913118960624632,0.878878943169403,-0.06871231326807392,-0.04631123931520387,0.08286201108807348,linear_QR_raw_X
2000,38,2020305263,experiment0_exact_m0,0.9050036228567868,-0.9803244710479072,-0.09499637714321318,0.01967552895209279,-4.248367138168639,0.8799164046028938,0.06494162410495538,0.03967328777906709,-1.4627964491569356,0.49593895675251387,1.0,1.0,0.5387205109677005,0.0,0.0,-0.5955887933735796,-0.5474330469341495,-0.7155417527999327,-0.6099819971603757,0.11995295942635309,0.0625489502262262,0.13528149780935764,linear_QR_raw_X
2000,39,2020306272,experiment0_exact_m0,1.065985639945043,-1.0693082255564204,0.06598563994504292,-0.06930822555642036,2.950967529118829,-3.099558074880882,0.06573323582338166,0.03930627007096923,1.0038398249911118,-1.7632867588626766,1.0,1.0,0.5366051916526208,0.0,0.0,-0.15589477280249134,-0.8755710714565527,-0.21242645786248002,-1.2554434611136245,0.05653168505998868,0.3798723896570718,0.38405580823559476,linear_QR_raw_X
2000,40,2020307281,experiment0_exact_m0,1.0097162979071728,-0.997961191187858,0.009716297907172766,0.0020388088121420234,0.43452605220154494,0.09117830194150327,0.06672453676695958,0.04098665300844299,0.14561806462752466,0.04974323743200114,1.0,1.0,0.5424111744749446,0.0,0.0,0.10157308640793049,0.1452178658792327,0.15652475842498528,0.15111222548478376,-0.054951672017054795,-0.005894359605551069,0.05526689544953213,linear_QR_raw_X
2000,41,2020308290,experiment0_exact_m0,1.0255565115928869,-0.9642741373794717,0.025556511592886855,0.03572586262052835,1.142921943789129,1.5977091474864034,0.06683774425557322,0.04136640986142761,0.38236645891525345,0.8636442645181344,1.0,1.0,0.5267324871763313,0.0,0.0,0.5633101037359696,1.0106230432721945,0.5813776741499453,1.0827778962159296,-0.018067570413975775,-0.07215485294373503,0.07438252418408506,linear_QR_raw_X
2000,42,2020309299,experiment0_exact_m0,1.0595571223017417,-1.0327217079645796,0.059557122301741705,-0.03272170796457963,2.663475480219264,-1.4633592669739266,0.06596427743757524,0.03915458331780295,0.9028693198087875,-0.8357056873518457,1.0,1.0,0.521333418553547,0.0,0.0,0.1456067382901925,-0.14020941553660493,0.20124611797498107,-0.04373170055599022,-0.055639379684788576,-0.09647771498061472,0.1113718548807947,linear_QR_raw_X
2000,43,2020310308,experiment0_exact_m0,0.9606978848334052,-0.9368320114345808,-0.039302115166594764,0.06316798856541916,-1.7576440234406274,2.8249583286841338,0.06608155352628638,0.040182750376492604,-0.5947516828726023,1.5720175441841633,1.0,1.0,0.5618739963321031,0.0,0.0,0.3441851964282816,1.0298347943157347,0.33541019662496846,1.1407041596590766,0.008774999803313144,-0.11086936534334191,0.11121608154032207,linear_QR_raw_X
2000,44,2020311317,experiment0_exact_m0,1.0830227863133712,-1.013541515281139,0.08302278631337123,-0.013541515281138894,3.712891877562745,-0.6055949737395748,0.06517829478218742,0.04013051689292989,1.2737796622451762,-0.3374368517920737,1.0,1.0,0.5426175488971475,0.0,0.0,0.5440739073861339,0.5346858658091715,0.6820007331374358,0.722983900473954,-0.13792682575130188,-0.18829803466478245,0.23340942380385932,linear_QR_raw_X
2000,45,2020312326,experiment0_exact_m0,0.9903826859714764,-1.023066776560887,-0.009617314028523616,-0.02306677656088696,-0.4300993585748232,-1.0315776082388413,0.0646475318122649,0.03919550261832207,-0.1487653706014964,-0.5885056963169116,1.0,1.0,0.5338608503516848,0.0,0.0,-0.3237820828623775,-0.6312885537469173,-0.33541019662496846,-0.4574250067110743,0.011628113762590986,-0.173863547035843,0.17425196130190487,linear_QR_raw_X
2000,46,2020313335,experiment0_exact_m0,1.148999182358549,-1.1185984292381697,0.14899918235854903,-0.11859842923816966,6.663446006912062,-5.303882996024919,0.06395310827100664,0.03932330036368264,2.329819243924041,-3.0159836061904466,0.0,0.0,0.5530726266929371,0.0,0.0,0.06465382199219623,-1.0896937963289905,-0.08944271909999159,-1.1297890625764764,0.15409654109218782,0.04009526624748583,0.1592274296471343,linear_QR_raw_X
2000,47,2020314344,experiment0_exact_m0,1.0231551722980403,-1.0696000952591935,0.023155172298040316,-0.06960009525919353,1.0355307857827634,-3.1126108848003518,0.06551964756794851,0.04053734680333358,0.3534080715868742,-1.7169376080989587,1.0,1.0,0.5653429043723284,0.0,0.0,-0.5116782967856205,-1.269374756802125,-0.4695742752749558,-1.0352854312204103,-0.04210402151066467,-0.2340893255817147,0.2378456663020635,linear_QR_raw_X
2000,48,2020315353,experiment0_exact_m0,0.949438850332096,-0.9978518824018364,-0.05056114966790404,0.002148117598163579,-2.261163353559487,0.09606673946314681,0.06485691899143088,0.039471291588958714,-0.7795798883783602,0.05442227785534313,1.0,1.0,0.5427281142443071,0.0,0.0,-0.38728857847331283,-0.4520274014817601,-0.5031152949374527,-0.5571399686966353,0.11582671646413983,0.10511256721487516,0.15641125289877927,linear_QR_raw_X
2000,49,2020316362,experiment0_exact_m0,0.9980828888143264,-0.9887835572406812,-0.0019171111856736145,0.011216442759318768,-0.08573581863182847,0.5016145695114416,0.06596431306526047,0.040115254474932784,-0.02906285378545455,0.2796054245730311,1.0,1.0,0.57910380433948,0.0,0.0,0.09816865443665962,0.2280654663739984,0.07826237921249264,0.23824455184779825,0.019906275224166978,-0.010179085473799837,0.02235785263354258,linear_QR_raw_X
2000,50,2020317371,experiment0_exact_m0,1.0928230306318738,-1.0493649765101976,0.0928230306318738,-0.049364976510197556,4.1511721274083015,-2.2076688636896415,0.06559728235289,0.04075122147776496,1.4150438448428242,-1.211374155671199,1.0,1.0,0.5540165412713044,0.0,0.0,0.27009775781011464,-0.12350704020282265,0.3465905365124674,-0.04621420829827012,-0.07649277870235277,-0.07729283190455252,0.10874431965593663,linear_QR_raw_X
