n_total,replication,n_fit,data_sha256,quadrature_max_abs_error,sigma1_min_eigenvalue,sigma2_min_eigenvalue,sigma1_condition,sigma2_condition,mean_f0,mean_phi1,mean_phi2,Sigma1_11,Sigma1_12,Sigma1_22,Sigma2_11,Sigma2_12,Sigma2_22,V_oracle_11,V_oracle_12,V_oracle_22,oracle_se_1,oracle_se_2
1000,1,800,69c4e1b7c9ccd0f038065adec11e06ab1cbf5cc8f8b30ff18bf15119008a2baf,6.221285204880778e-10,0.04285341353972566,0.10131001446217146,1.1345803874650324,1.1742150445523574,0.654723884518537,0.4762498229671326,0.9764398381038428,0.04490780868026386,0.0027618160393419987,0.046566247397562995,0.10536159856176994,0.007422535037213773,0.11490815904570016,4.067658146311385,-0.2831760236972731,3.5463192015365745,0.0713061896534181,0.06658001953980427
1000,2,800,9550bd143ccf0b0e04b0a36b0bc48659654d5ef5c584ce363747cab1dc9e77c6,6.224658025837909e-10,0.040209466594793526,0.0951660739547415,1.2274021441242147,1.2837983119388938,0.6714070846008272,0.4715067417529049,0.9713787832281782,0.04152079346662542,0.0032048129681045263,0.048041858640708666,0.09861329608620503,0.009012165967385107,0.1187268229654855,4.307664905850364,-0.3649866907225018,3.4387665904998843,0.07337970518006294,0.06556262836498286
1000,3,800,af5dbe330a9983f23769cfb1bcfa68bd0f3553e85c7ca2da3e31ff6413dd650c,6.083842170109984e-10,0.044841472305190845,0.10671095985508215,1.1460999724256322,1.1953228176935415,0.6714127144380793,0.4623003821728062,0.9553974991070462,0.045215528699694404,0.0015200827725991917,0.051018753778000414,0.10733069763040252,0.0035402220891096875,0.12693430743743883,3.92830927753391,-0.10242317121157896,3.1691015081859897,0.07007415070421752,0.0629394700107372
1000,4,800,0a3517a5586c10dd3c2b65bb7376e2036a2418a50f815d25b60313125bd35fc0,6.385697204264746e-10,0.04227392046917003,0.10097940087062211,1.2272038371165321,1.239074804958459,0.6540911957704357,0.48177221362708716,0.9818797786574643,0.04477530974623982,0.00421525654736412,0.049377328132654774,0.1060076488322484,0.009803408954547973,0.12009278347696187,4.012809300417726,-0.31297167466504033,3.4480412339792497,0.07082380691209812,0.06565098279899595
1000,5,800,55c5b23f417b8b9fd2644ca84fff44739cc5e894da3c7977b181f9478a9c26ff,6.178553155667411e-10,0.04105435808397675,0.10134935160046962,1.2262438451954165,1.2073607912022726,0.6702122819996085,0.4593203048089072,0.9524743141266367,0.04516122243394014,0.0046129639330329646,0.04623578956896179,0.10906608978809125,0.010130449589243353,0.11464849514855872,3.820799504169097,-0.29507267555958344,3.5398746920232282,0.06910860568852023,0.06651949612729365
1000,6,800,b4824b9c153f0ff865e46589976fc1d94f46b4714941b94a7cb191de3ca3e23a,6.263375152036021e-10,0.04118138524127153,0.09900382329152431,1.295442525983231,1.2923253462888324,0.6582119121522413,0.48819926802511615,0.9907012511239773,0.04642333390573015,0.006024895125161097,0.048106169055982716,0.11027703790117155,0.014112987703097532,0.11667193560949028,3.874439375140439,-0.45241471076406614,3.58677147267455,0.06959201979340411,0.06695867636716833
1000,7,800,616547426bdf5c7bca50eb423ed4b191ee2f3980865a19952d4219b8918e401c,6.132797710963405e-10,0.043394515663904086,0.10483780298548845,1.0877887140778562,1.1027960393401581,0.6614917701648443,0.47859997823648825,0.9780494005943926,0.04560619321915579,0.0018798871799438394,0.0449923868368179,0.10795607327883609,0.004886891809076137,0.11249644361217286,3.9218586130301065,-0.17652191647664303,3.5631143433294588,0.07001659279262047,0.06673749267961618
1000,8,800,15febff6bf59bec6af71b38b368317088375b8f9c12b1e2c5823a4f4cd2809ab,6.233148904932974e-10,0.0442274437541102,0.10467336347938273,1.1777648541510173,1.184594723630457,0.6604804756521997,0.4759706881587855,0.975618214891065,0.04744001516477866,0.003864827902334344,0.04887695743186347,0.11048203007684514,0.008859758639940546,0.11818684748486738,3.9084062339665877,-0.27751743238944737,3.5188205901835743,0.06989640757906113,0.0663213822061141
1000,9,800,a8ec1d1c0c24125824c9e8354b0aea338b91fb56739326e6db2c1d585aae4a66,6.216849741086757e-10,0.0402092372852767,0.09574997737761123,1.2378874166144302,1.2750535645271015,0.6766497299252606,0.45768224918247363,0.9503119221481555,0.04203602791926539,0.0037598649599179003,0.04794771823311912,0.09952204796545937,0.009225732484961448,0.11831427937086435,4.2759017410603875,-0.33161738041885014,3.450978410569483,0.07310866690294307,0.06567893888615935
1000,10,800,17b508536c4ffdfcd761076573bb0bf78f2eac59118fa7a91efa73e5feb57d2a,6.187438631024181e-10,0.04053603346971148,0.09744712191914187,1.1972025243829691,1.1977750614892675,0.6652476481842199,0.4788849202915526,0.9771212067689623,0.04386327333504083,0.003940405050266576,0.04520260173308175,0.10411782594729535,0.009168619768591967,0.11004902842049882,4.074170790261283,-0.32410228377884565,3.758149078834555,0.07136325026108749,0.06853966988936548
1000,11,800,75d1623ae3d4209c2352e774943d12f43d72700b7355d6ebdae567f5167d2415,6.013694039663735e-10,0.04310393820825872,0.10035380378933204,1.2652449208223087,1.3198713063217422,0.6560218216701285,0.47582722535613675,0.9735572689326699,0.04504052758074014,0.004288454601406836,0.05260044951295656,0.10424920309298491,0.010481858591874957,0.12855870679812864,4.1804545964276505,-0.3408665558245273,3.210425924933499,0.07228809200369424,0.06334849963627295
1000,12,800,74a5d0c94342c82624829ba3ad35d6f5a94ae235abf6a1e774bec1caaacb9627,6.26795170728473e-10,0.043651788711786994,0.10383058303266458,1.2382681191054956,1.294788992677187,0.6646777819554108,0.47190255046992213,0.968718148725573,0.044290441388816965,0.0024969261944143635,0.05341396562670501,0.10519494134305742,0.006316562333446886,0.13307433770355595,4.014705458756981,-0.19331775318001945,3.0255489153924424,0.07084053799517778,0.06149744827422154
1000,13,800,91ec06885d525ca3c2d043d57ea689be205c3d6fecf42e6a45d362594c335ee7,6.28400337840857e-10,0.03941740109763144,0.09376435163175448,1.2409457694108947,1.2640922190163277,0.6719812008076121,0.46808401423747653,0.9634407813921894,0.04077688750631672,0.003326177851851518,0.047555370724592816,0.09596609442044116,0.007047896345489375,0.11632504453012502,4.442339077025224,-0.2291205781870436,3.525872100220745,0.0745179431162826,0.06638780102756779
1000,14,800,0ad2c1321261451143f10086aa160fa5d12a76c26bc6e8f9d5cba765eead3d76,6.299270469115954e-10,0.04439548246297517,0.1035837952877595,1.065282966654582,1.1193650408532287,0.6778042035535727,0.4662245087775972,0.9620729670375806,0.04451080044882095,0.0005665017941186331,0.04717843327837391,0.1037060404756899,0.0012233275644263086,0.11582583405608501,4.139044608978572,-0.03803615090804151,3.5170200477731934,0.07192917183746254,0.06630441206825148
1000,15,800,269c04371a2b418afc4a545328a4c3bd261f8692a36c7ed278d2f03322808c66,6.321015669133868e-10,0.03873000909754453,0.09597800164268705,1.345948595100058,1.3253010962837057,0.6795740187934675,0.4618780994847215,0.952008989346282,0.044085278081939745,0.006563090700131237,0.04677333234865731,0.10546086365730371,0.014357815540297823,0.11771688878155581,4.0146286626392556,-0.4193650240177238,3.417940835548606,0.07083986044804909,0.06536379765922232
1000,16,800,ee3d9bce9971becc85a20881b493d51e9c8b56f6c0fc5b3967d23aac7f0e2b1f,6.096458698429003e-10,0.041508210611946456,0.09872501011302022,1.2964302999625124,1.324090651056815,0.6779948671715608,0.45749846595898946,0.9495420952761332,0.04373369123077,0.004736052985562989,0.05158702131572933,0.10267480839101763,0.010525030064942743,0.12677106463814214,4.178426312082759,-0.3118002955363386,3.2329361044433353,0.07227055340941736,0.06357019844671062
1000,17,800,7e70ad17594eee3aed5c702b5cbba9bdee346f7ac8cb0f168e97516eabed10b4,6.111502429717192e-10,0.04294268589285956,0.10215460574604403,1.1121001012627876,1.148059585497634,0.6694721043371169,0.46256326656891544,0.9553441939585805,0.04495368794835031,0.0023741508325453584,0.04574556327445443,0.10413255166368478,0.005099421517283625,0.11530162841183676,4.152499704585715,-0.15435691576893312,3.446479000976261,0.07204598969222467,0.0656361085929104
1000,18,800,56769b9b8a91b15a87713d1fe0188a7a58c7fa361b77f39048bf50a9b672b017,6.302900768559541e-10,0.042441236880271245,0.10184299082062316,1.209995620855246,1.2106025793243564,0.6655098181632302,0.47316028565633017,0.969667001217803,0.04513275327856589,0.0040919199769889865,0.04866219437051373,0.10614332452394727,0.008587339088383552,0.11899105367022898,4.022870646399164,-0.2441250139612034,3.4511537478370293,0.07091253985014889,0.06568060737231567
1000,19,800,6f5539c5bd8a124bcd137ba66a9787150bb6e809f1eaac19844e65c6af77a9d2,6.110989412893727e-10,0.042801873679539276,0.1043866361838253,1.1426289434256445,1.1334848781708768,0.6717532468709945,0.46347833046123726,0.9574123175681809,0.04673245538201929,0.002923335031454777,0.04497607799660987,0.1105354216207218,0.006918803652173344,0.11217188816059434,3.8389354288508755,-0.22470755882732557,3.5876003282096045,0.06927242803643881,0.06696641255332411
1000,20,800,1df9c157918deb284486752e50c5549bd58d6c67788050d57e08fa7f6979869c,6.344516175614127e-10,0.03951591015433397,0.09529552376636699,1.2703125693634278,1.2460346248381573,0.6645226103913114,0.4714912577719629,0.9693186946603354,0.04432477079818576,0.005314264969070963,0.04538869671503458,0.1047132792634006,0.011494109886232593,0.10932376670794718,4.079906049540195,-0.38103983353861526,3.8327057321530855,0.07141346204970912,0.06921619871960144
1000,21,800,8fb4caa91cce616a4f0acf38269437aee9319adacc39fc9f9f53bb2a8d1f10c2,6.181623174257283e-10,0.04055262414119066,0.09608195452952908,1.1474297830965041,1.192858421929367,0.6757169732449446,0.464324416598995,0.9583007860149537,0.04207868242392993,0.0026067099419451955,0.045005230439581184,0.09880816111365169,0.0065639157076723435,0.11188596207186066,4.328200746967191,-0.25696743426990903,3.610360871517091,0.0735544079828598,0.06717850169061798
1000,22,800,a51b461fdafd33f8ef7d4c83239cdec976f82d8cf56410a661a7e0f52028f6a3,6.063184830504484e-10,0.042743471883568036,0.10172255664241552,1.159807493084298,1.1946246099687068,0.6576265803686562,0.4679020387662187,0.9658395671636271,0.04462051840929129,0.0030493095756086454,0.04769715244527697,0.10495255046337981,0.007315301107272572,0.118290275733001,4.06818963337826,-0.2435254002343178,3.4233055000900094,0.07131084799469731,0.06541507376065941
1000,23,800,a30ac3807da072bb38ca7199d19379b15de6fbe00b11dc769e498f5404f5784b,6.383194924355582e-10,0.042281918239056644,0.09960463631432558,1.1708795413995028,1.2448370753545512,0.6808785990004185,0.46311908227576026,0.9556354105892174,0.04248007659856156,0.0011800212541308653,0.04930887467773298,0.10018573285399121,0.0037193379215389806,0.1234104476216131,4.239128025632394,-0.15253950911196162,3.2429294969574625,0.07279361257720689,0.06366837418370935
1000,24,800,270ac5985eb7df643d2895c1e2518f4c8d51e3d743cc19044619012723497022,6.034373185633515e-10,0.04240840436445855,0.1001909646151898,1.2409077005876035,1.3028660203470548,0.677413783800225,0.4620351535279245,0.9560619599332425,0.04365315962242869,0.003341801962782173,0.05138016028751938,0.10271517342016173,0.008379980270107024,0.12801119453795295,4.1613106183780655,-0.2740698529073764,3.153497621998576,0.07212238399396252,0.06278432947398753
1000,25,800,a31c2921251660ae2693d1f4e4b4589e3eecee8357e74cbe4bd0f17cf0e7cb33,6.319747328129572e-10,0.040423470665890145,0.09699120473032843,1.2486970344127792,1.2612212074490539,0.6742164301849605,0.466356103786011,0.9615235705606631,0.04328359930658026,0.0045357581082148745,0.047616539300478905,0.1015896600386373,0.009765316504629255,0.11772890903361435,4.219819239560051,-0.30062582420933465,3.4563516970786328,0.07262763970727718,0.06573005112844726
1000,26,800,5536db3e49bb466f2333b6b4bccf9f962e0d65db1d999fa610ccc0c8cdc92fb0,6.27965547588795e-10,0.0430494010853344,0.10462478326082343,1.1513992670799917,1.1122664283454335,0.6662692159746251,0.4646868558225923,0.9596196483308849,0.04758481416154061,0.002998375086929132,0.045031635781680394,0.10986573299023117,0.005838823439286866,0.1111296842645235,3.9484628483941147,-0.15551455151537857,3.6517852259406833,0.07025367293240008,0.06756279695532041
1000,27,800,79f6b349c49c78aca94feb95323161adeaf499eb8f65dfd995e8c1c7907c4632,6.269670759515542e-10,0.040580801541585006,0.09533115323808353,1.254435216612007,1.2763095782365899,0.6573026453548364,0.4850315019301611,0.9872391747299966,0.04521074228749487,0.005135040756531178,0.04627604582619721,0.10570393729144659,0.0128698846109417,0.11129927992874297,4.1103264029237865,-0.4939122989088989,3.7949620414246925,0.07167920202998031,0.0688745421166694
1000,28,800,88cd314aaf5cbce6913a4729093cd2c38b14eff13e42b8485f435036b4c236e1,6.110744813570384e-10,0.04238654707443885,0.10114215594999419,1.1218322329559043,1.1137878532159167,0.6635899828210043,0.4734355976774682,0.9695451300478511,0.044208283169543686,0.002467551347084469,0.04572885865670347,0.1048339492242807,0.00537201859801591,0.10895911147088701,4.0308508504416665,-0.18004077414525843,3.8597507685830736,0.07098283991960369,0.06945997740230588
1000,29,800,82ad4bb57f45cb880d2b856ffbc22f7738a8dc6a65242f7c57b45913ef5877b2,6.260907193666592e-10,0.04030920027982938,0.09444466458328975,1.143624897210825,1.1874973197813856,0.6787831624161689,0.4660707855134229,0.9602686104042985,0.041975076625470856,0.002620932739339029,0.04443272868102896,0.09752957017126981,0.006716490185382119,0.10906788047232847,4.434154721827736,-0.28394154632586094,3.753315754206205,0.07444926730522383,0.06849558155646067
1000,30,800,63c1476418a221e50fe4bbdec08252cb6946de8479a72baf55bc635d1357345d,6.199012865865256e-10,0.04119394805632196,0.09635677452480919,1.273740951699913,1.3633483174235514,0.6721720341729815,0.4661033717251212,0.9601094642050231,0.04292654523454252,0.004066409726644352,0.05073782142331575,0.09974346933100171,0.010349015104779567,0.12798115161456664,4.354775352242746,-0.35502094193732514,3.126644090706271,0.07377986981760969,0.06251643874520396
1000,31,800,a71fb4246185a72a4151f676994e53b483468215705688fa2060b9518a651dc1,5.998316477918577e-10,0.040969321909897924,0.0973387377982392,1.2652565584701847,1.3028820945020056,0.6869034337568684,0.4534711803945286,0.9404934700973243,0.04297518093828611,0.004216036588944674,0.04983084421418641,0.10099545647835828,0.009717838059508963,0.12316417989863238,4.242581555919908,-0.311715010683506,3.3077324584171537,0.07282325826890668,0.06430136525005858
1000,32,800,0de4b5218839c7fa089a40684c9036e690ce2a0164351d4cf1a8cc1ad6d545ce,6.123224413650854e-10,0.042068862967291454,0.10164766261983665,1.211735780136968,1.208046964354979,0.6738258900280534,0.46938296315428196,0.9638591462608158,0.04360564674791514,0.003365586399291715,0.04943956270652241,0.10405548627176209,0.006717276694021337,0.12038732660974727,4.0358385668727825,-0.17655812628374884,3.4183843289537914,0.07102674291132163,0.06536803814703512
1000,33,800,cfc55cdf3fe999fb6f6b65521ad07b07facf0725a288aefa3ca1949b1d2cff37,6.312215365799702e-10,0.04189723559681399,0.09997082465935278,1.2078718535468993,1.2364347881998297,0.6639279816471437,0.46956142762997616,0.9668018181615919,0.044124605588255636,0.003799678727525838,0.04837912162737321,0.10448693750226426,0.00929248033078282,0.11909129257093767,4.07059817166884,-0.31561920342408556,3.4355985335558095,0.07133195437239927,0.0655324207316101
1000,34,800,2ee0a4c881805e769d1d2b84c03fdc1b7f3adb8c4976c4ef30ba0af92e2521aa,6.304666486108403e-10,0.04313641890987422,0.1047093254026699,1.1059947942128872,1.1411511054478458,0.6768049096446638,0.45416921795942317,0.9451938018045507,0.043582355415582835,0.0013564908805681181,0.04726271824959861,0.1049600942157244,0.0019087789793146848,0.11923839362090045,3.955514483874757,-0.015372441033423726,3.323673306994027,0.070316378638575,0.06445612177088017
1000,35,800,2d0da87d17fa3dd802a268507463f435631901c3193c05faa5932dba6aa6187c,6.251100625013625e-10,0.042354760631584436,0.09978920483092185,1.1135559619608597,1.1507808107252189,0.6670327676599567,0.46902931485911686,0.9642945313633692,0.04268444905787682,0.001215313428434568,0.046834707792433566,0.09997006813328133,0.0016396985902368186,0.11465463873459368,4.2704847841265305,-0.013468132377840742,3.5622552871770505,0.07306234310613206,0.06672944709025629
1000,36,800,2acc560062c9e7053ffb2eef873b3b038013e77adf97b952c085c3f69d6901a9,6.024800390826577e-10,0.04456737126820866,0.10687431654768015,1.2013879112192833,1.1996403457136418,0.6553785775972895,0.466687571605165,0.9616115802485092,0.047861653686363345,0.004326080735938457,0.05024841865829283,0.1127705903586004,0.009541454923727497,0.122314468240248,3.784295814905005,-0.2655503571578976,3.3770671154149867,0.06877768365270276,0.06497179306644334
1000,37,800,43b884e05e8236dbb8e301178736f14abf84a680ff4f6bb17e1f280346f0ab55,6.267867251677203e-10,0.041537929924483824,0.10188210728656626,1.2594819481847375,1.25667191130069,0.6810707961434016,0.4527557792511203,0.9443717719717927,0.045964611969492884,0.005302526135582051,0.04788959085984093,0.1114187467568185,0.012587225837666942,0.11849574302089891,3.7447238798290527,-0.3812670251060062,3.449383669589933,0.06841713856765946,0.06566376159638904
1000,38,800,bcd139d935d36ba8c5f1d8e300edce1d3630f5913c010984d42633b92d4f9208,6.232873232139369e-10,0.04365628279717687,0.10251078157246227,1.219168855227845,1.2473576551490806,0.6659826918814363,0.46411636749576984,0.9574965530739016,0.046335267755006945,0.004296024783214931,0.050545395363507134,0.10905438044373277,0.011095324035422332,0.12132400925845559,3.9384834354414457,-0.3850874440818239,3.471398188295654,0.07016483659427852,0.06587296665074048
1000,39,800,19e7b2648f8726a7032d57b42b27e28a482f8a163ef852fb9a9d5d1747afef91,6.125673637149243e-10,0.039749019315448116,0.09889316460919555,1.342744396499996,1.3274551053503725,0.681149731949124,0.44735128355410597,0.9377689123566444,0.046922971841892355,0.006802247200026531,0.04619882042574383,0.11406562480226913,0.01615943430350255,0.11610377605165781,3.6730900037630296,-0.48255046400170665,3.490361126142064,0.06775959345143526,0.06605264118623554
1000,40,800,bf04fe845f8d952c40d791b33231579234beb138fa6e6794814d53f4ad6018b5,6.171172674728621e-10,0.03765317282086874,0.09051613532413029,1.3422297587148944,1.3538812203764992,0.6816282357151578,0.46974644197028126,0.9670935653773182,0.04203626755222054,0.0061048503805146235,0.04615611433885307,0.09946353680328772,0.01437173673996134,0.11360069427724044,4.324279005580157,-0.5231253987320618,3.63972645271592,0.07352107695739499,0.06745115318432221
1000,41,800,2149409e9d6dd6c73aa19a00611d6ac8853697688a388b9e9ae17df7672587e4,6.269007185569005e-10,0.03778790205101212,0.08925909605767396,1.418869260512648,1.4477023975052505,0.6677609947177148,0.4766148748093174,0.9758921925626666,0.041902537243425755,0.006942406445948192,0.049501457447030314,0.09705507050532225,0.015835457158805,0.12142463291419775,4.536551119225586,-0.5494301029249098,3.4235600196731615,0.07530397664819556,0.06541750549043775
1000,42,800,b41e46997fd933e7b4e82b2777ead967d61f73373e171db11b8fb018dff8a980,5.989346161586133e-10,0.04371970430405551,0.10320827278613884,1.1828743866512592,1.1939525083395364,0.6565254680164841,0.47231838024631495,0.9707167461703508,0.04417581222652297,0.0018543586654373061,0.051258810490766596,0.10356795680808445,0.0026590606484917386,0.12286609215245597,4.117779485694915,-0.030536516941814824,3.3948985377057412,0.07174415904530936,0.06514309765533242
1000,43,800,078996f2721536d0f7ce96b92f890e89c5a27ec350c3d854a8f79a98dd8caab5,6.434803633784959e-10,0.04082438300379963,0.09882789235827556,1.3138756609339999,1.3221626193400275,0.6655270990574356,0.46409673304009613,0.9587832493657118,0.04273017609003418,0.00455942610659085,0.051732370115105425,0.10294884067071335,0.01068752670080627,0.1265455967118341,4.064850036686042,-0.32856261304138235,3.2569935914519266,0.07128157227402852,0.06380628487316048
1000,44,800,e2df38568f1522b11df82bff9bfc47e8d2239f630aa07f82139b877d3c557eb4,6.148241526165354e-10,0.04094987598423416,0.09793588694508953,1.3132613722702617,1.325129841841752,0.6639709879996967,0.47267469066836376,0.970156174104738,0.045216040508284976,0.006043695886366936,0.04951172580530159,0.10612330798834478,0.013916501370234105,0.121590345334923,4.070897521440707,-0.436277965256162,3.3954992924571608,0.07133457718246379,0.06514886119934447
1000,45,800,7b5f6d14f3d8bda0bcfe45db7a74ba67a65c45440d878eed9d9fcecfd8f7b7b5,6.024854341335439e-10,0.040616929551061366,0.09474539919048575,1.2451197520797677,1.311129157682702,0.6614469395548048,0.471937620826468,0.9721702388519792,0.04181675702529937,0.0032412822163019666,0.049373113778620914,0.09683742310625798,0.007569163400911594,0.12213143151916067,4.479949954520209,-0.2622385391937242,3.325355549053878,0.07483272975877775,0.06447243159922966
1000,46,800,13bec49aa1a5f7bb5f48fde845857799bf972cc54c573e1d3881d2c9a0e751cd,6.163123034060383e-10,0.03881496278321534,0.09071671060238774,1.2368204186542002,1.2513648010045026,0.6600282866717169,0.4786326375378641,0.9794644419555877,0.042108936618824436,0.004407779796931843,0.0447131646839745,0.09647660583647553,0.00990789726776639,0.1077598032766522,4.5633799459279905,-0.3907694944367947,3.8838220499236478,0.07552631946818267,0.06967623384199637
1000,47,800,69360ce77dc7f94dfdd9027730e49de24417e5321de743e7e476bd5cfbe0387c,6.190599924769105e-10,0.03976749899213562,0.09725351220903694,1.2647625262225148,1.2439703500508803,0.6674481629947673,0.46704801643521493,0.963358080742817,0.04393819394184282,0.00514959368257563,0.04612574753713759,0.10427867999569336,0.01083203521483884,0.11395531783969683,4.068901468363598,-0.32174181134337343,3.576412315601938,0.07131708656033628,0.06686191288396125
1000,48,800,d6189ecbf826b81f477115686c78614f94998721224cd2da84975893e58b2f56,6.203954788069385e-10,0.039314502123059536,0.09190842871037475,1.2334499994525634,1.271606441931107,0.6637580806163231,0.48018172244096424,0.9827216533628732,0.043062001270017684,0.004511173545736732,0.04474497347520743,0.0984894428465788,0.010998708602902075,0.1102903358796744,4.491914853712309,-0.4433965902081154,3.7222509546478024,0.07493259349001866,0.06821153636526414
1000,49,800,22455aadf8209f1259989da07750ceec0d410b984e14fc234629ee94d7bc67b6,6.233041168190559e-10,0.04105645447938676,0.09842704291525144,1.2738010625520566,1.3137314479106827,0.6823839525087487,0.45424144499338737,0.9431517999865814,0.04381615873152945,0.004838046943409394,0.049538051088320316,0.10390091381259962,0.011792709714395475,0.12383283070527198,4.103261257962681,-0.3812897565217726,3.2658908931110338,0.07161757167381028,0.06389337693680615
1000,50,800,5eca126bc743ba9a084e2c07ba869898ead2a612b914ee86c819448f45ac83f2,6.560995929968815e-10,0.038622218225689245,0.09242667370194833,1.3064939118966201,1.3210245392589337,0.6742814462317375,0.4706345619970179,0.9657939697413402,0.04231927916214671,0.005485946218937744,0.046762632039348224,0.09986829305820807,0.012861737961167227,0.11465628468609232,4.30209899569371,-0.4613026115671747,3.6065173817580702,0.07333228309971766,0.06714273398661681
1000,51,800,916c618252a7199a5ed6ac94cf30ecd77721ee68c2f5064189bad26c22dbc45a,6.307409619247197e-10,0.04106393249652438,0.09726656972501158,1.2953041730490813,1.3785742694340168,0.6765422405436661,0.46637694863945683,0.9609734880495217,0.044474614200389145,0.005452189701082597,0.049779601420689046,0.10546920590569422,0.015321857572604904,0.12588655411832803,4.088448476559091,-0.544119030016222,3.213065368135715,0.07148818500772602,0.0633745351870106
1000,52,800,be8adfcd11ec922581a944a915f028901fbb0f114e17847121100e75ce746334,6.11269590488588e-10,0.041479534643859055,0.10010429944317663,1.24645953153713,1.2446042379487265,0.6610917020495016,0.46992728776753323,0.9695727559637137,0.044780638783612055,0.004780166016131388,0.04840145718080972,0.1057077298583414,0.010286243504799772,0.11898680490870123,4.0335137246277055,-0.30091048333581505,3.4405814117024005,0.07100628250925851,0.06557992653722632
1000,53,800,2b28048930fc7124a7e1a1701d7605cc2132db8cca653ff5042adeac0fe0044b,2.5605740880670546e-11,0.04088997515251902,0.09713308993402568,1.2679480530898648,1.3106066908944445,0.6578969210563338,0.47545800740601235,0.9759818388092105,0.04367527969466382,0.004770635104859503,0.04906105984338467,0.10225453266806761,0.011326328292936864,0.12218183484074396,4.218986052831288,-0.3730968901109636,3.3193415256801955,0.07262046933226961,0.06441410487696188
1000,54,800,a3633d43b3f4fed6b9f7e508de8c1a0f560393e44cdfd34fc7255b38f92a7983,6.132455647136967e-10,0.04071246050509263,0.09944871875695821,1.324660480952796,1.339376390898875,0.66423752041548,0.46775516668176736,0.9645199724404435,0.044813669471020445,0.00611463372031763,0.049828978547519914,0.1079695575575965,0.014662137589546622,0.12467842720757365,3.9036485994626537,-0.4398350943827634,3.2549890783307984,0.06985385278800531,0.06378664709728438
1000,55,800,860fdb67286982ee5c38a89ad2e9028fe660a12ed1b45c311ff19acc9424de0b,6.239232032241839e-10,0.043537693362556265,0.1023530866910728,1.1668910729613036,1.2323714741418368,0.6673382366984759,0.47052388433337106,0.9673268718538103,0.044239296137875334,0.0021460745669080513,0.050102142946774425,0.10362488017087661,0.005350775472396322,0.12486523084864082,4.1295320939461915,-0.17703185671934335,3.2210519270055897,0.07184646906725994,0.06345324978877746
1000,56,800,a802a14e3e4a81c20458778afdb22f319a1ba02598a06cccc50faa161c0c0895,6.252203426681273e-10,0.042233344533200136,0.09984272519644107,1.1329395229924,1.1709462751351358,0.6703676257195014,0.47224957325286904,0.9687964782964407,0.0428948632527046,0.0018101041549103195,0.047186306490312975,0.10067287545129693,0.0036714630465198433,0.1160803169132578,4.235463135347019,-0.10674748597128214,3.50437579963922,0.0727621393252272,0.06618511728137244
1000,57,800,6712b0ac9e5beddc6261e0281b8f962d578dd7dcb2f580a745bb16bd89e473ce,6.356456867087444e-10,0.04359626959728651,0.10244878357711076,1.0135511077607697,1.0662741350153282,0.6756062746295737,0.47381712736488235,0.9706544621247167,0.043956733055278106,0.0002881317149185712,0.0438265838865753,0.10301778206649465,0.0018813751171538884,0.10866948960267248,4.144831727277749,-0.1138117282651355,3.7139668753969204,0.07197943914130747,0.06813558977690111
1000,58,800,d63bf20c2a76179af076255f896e53f606febe24db07db4c76da94c179dc742c,6.111454734982079e-10,0.03890445085735865,0.09365414504754395,1.3190016802595474,1.3374058513349598,0.6683840705967421,0.4650825987617405,0.9600927322743058,0.04395359598215462,0.006096636714797407,0.04626589092563508,0.10415024427061213,0.014882974579932809,0.1147575023652902,4.129645210122905,-0.5273598846508363,3.580494721034559,0.07184745307005413,0.06690006278990476
1000,59,800,0eca35eed540f8e6d7f459fa56c0feda9cd814aa63218cf4cae8acdc27b13fee,5.89608232781132e-10,0.04130262422997741,0.10073694030075173,1.1567583636882257,1.1511027297827405,0.656332846214442,0.47532241299304656,0.9744371979131238,0.04344388505491154,0.003046089847986636,0.04563589519536421,0.10334067259258449,0.005731807659527542,0.11335483467832357,4.072942555230589,-0.14272821193258056,3.555640183959897,0.07135249255659003,0.0666674600532364
1000,60,800,5eda3af861307eb41420055daab82b6891f6ba0bd6d3154e9bb282e236aaa137,6.463490578627707e-10,0.0413045951389088,0.09609057984574268,1.189935842175825,1.2399864208868003,0.6616124921272624,0.47981329322837696,0.9797315497653654,0.04246055722675407,0.002780743081172829,0.047993856114503665,0.0989058456543145,0.007549538446157016,0.11633574837528801,4.367447924997267,-0.3125766237449905,3.568344080863195,0.07388714303751759,0.06678645147841734
1000,61,800,8dc0c0b0c7711d25ef46f5babfe54a5b18af85449656a8549b4bd8aed74a8b4a,6.228819023823542e-10,0.04128506909260693,0.09824673079788106,1.2505259702768445,1.273188844917082,0.6647564237236071,0.47418432605288074,0.9729224605099063,0.04412163455077198,0.004614373397930676,0.04879148562681381,0.10330478504823137,0.010496371402787313,0.12002858745108337,4.167452256546336,-0.3361537576583349,3.413606561071647,0.07217558673597964,0.06532234075214664
1000,62,800,a411c7d15d6db6bfcab8135d174e1f77f0c92f453b8e1c3995c49d802e7042ac,6.212699214128054e-10,0.04048755661301523,0.09555307003755631,1.2394488040301854,1.2970577979521873,0.661149051871177,0.4697810318609575,0.9681163284186179,0.04236847657551353,0.003833678289769116,0.048301333659607835,0.09946672950983514,0.009786299124156921,0.1200241951382051,4.320711937677379,-0.36112812667539423,3.383072356511309,0.07349074718695357,0.06502953517932553
1000,63,800,0a0f71b2b463288e28dfb849a26597c9d7757c906857b2c1006155a326ff17f0,5.994080271818025e-10,0.0415498908035589,0.10048273906070446,1.2578791412170296,1.235083352843018,0.6579249179192308,0.4734159495725762,0.9722542184868928,0.04721781632200783,0.005348419668899529,0.04659681544319309,0.11057077487419445,0.011684574939108542,0.11401652244845502,3.896416020054919,-0.3533523323624257,3.6159367715425734,0.06978911107808043,0.0672303574617019
1000,64,800,82cf148edaac6193edd05383c7e8ca852d7bd287d1e739e5e899dd12c1a934c6,6.189845780641039e-10,0.044221490415753274,0.10443702152241688,1.0806648868164186,1.0970390349846226,0.6659317468008138,0.47002466925005676,0.9645887349611526,0.044725234726576586,0.0012422394457775568,0.04728486762417004,0.10534864567401703,0.002899614974927624,0.11365986515602033,4.032627252004225,-0.09987413066519893,3.6626973220974732,0.07099847931473802,0.06766366567532268
1000,65,800,985e294793c9020c17bb6e5721850a7a976a4227dddaefc40f62d7e3b8ebfc03,6.10795301790402e-10,0.04010715557050387,0.0969107947255833,1.290443418275739,1.2775428142973333,0.6736465382008984,0.47338077570113873,0.9687281033899017,0.04445474211954581,0.0056340851492575825,0.047408428382675935,0.10589470839833562,0.01268576663847108,0.1148237757567605,4.010366885408686,-0.4100296477009885,3.637420324662146,0.07080225001199368,0.0674297812974926
1000,66,800,07c01c13054bddb2dda8cd4ef9c7474256ba16f4151a16173bcd34e52959169f,6.126312848267278e-10,0.04085308329385996,0.09399738817623038,1.0833954911069985,1.1601207749110065,0.6796410201477054,0.46568877829290933,0.9588878293385106,0.04154485055687397,0.0013705048285750005,0.04356827897537253,0.0947192861390114,0.003216224864938415,0.10832642484783811,4.635184088758737,-0.13011134725521922,3.716440362683213,0.07611819829021454,0.06815827501744756
1000,67,800,adc9cf41c630dc8ed443b9ca9abe1dc804267e40c64496fb279b09480187bc26,6.151007522770879e-10,0.0435298053759038,0.10601809262056593,1.1231540087207994,1.1112965616779849,0.667622970821605,0.4729928302515557,0.9703284106451219,0.04470736512806546,0.002219481429303122,0.047713115654620886,0.10738683460510902,0.003778484732378892,0.11644879982034995,3.877547125144592,-0.0720731203529729,3.519177274743573,0.06961992463677866,0.06632474344789784
1000,68,800,848b7e545d20d74d5e5e1d7ec2c75cabf445d9eda8ec51a8891dffd561ec7af5,6.112587885080326e-10,0.044634418026542326,0.10446215437398146,1.1362604065073005,1.2008051590813373,0.6714724475705631,0.46493330198000676,0.9590292802179134,0.045468735433354016,0.0020924035920814174,0.04988200456424408,0.10647789186200585,0.006182232563812723,0.12342295641300365,4.026393964804061,-0.2326786500639319,3.2877603563382753,0.07094358643320112,0.0641069453758549
1000,69,800,1362561b43fc353d20056829e2274217641e1dbfd17b89e7553c55292c16f39b,6.109442051980058e-10,0.04335547719191287,0.10518570484524106,1.2134295388493352,1.2295876334579348,0.6783356426370468,0.4505738362950284,0.9397693854058466,0.04692557222692002,0.004504411488782914,0.049038721660568545,0.11074147907584346,0.010163741297458926,0.12377926766366235,3.8508515767112543,-0.2810824090523727,3.2208844442528517,0.0693798563769706,0.06345160010051806
1000,70,800,999faa2dee9ff57ccc63e14cad475839be03b46f45735eafb70ac6d0878faad7,6.135911198463639e-10,0.04186159317433185,0.1003529085508363,1.2509892303792998,1.22758376110273,0.6521499696395965,0.479275516344647,0.9799769199031201,0.04638194920876273,0.0052020091338421896,0.047848046193177875,0.1078221525647498,0.01071439032787072,0.11572235690252045,4.01560793341833,-0.3093550850338347,3.5958337615629232,0.0708484997496271,0.06704321145316396
2000,1,1600,2d8ecf33dd63ab66fdacdafcca537028215c7629f98fe167405999ab5ccad552,6.242441721677535e-10,0.0432703650457607,0.10279361767998234,1.1645029222376206,1.1843801835099808,0.6502335761667388,0.480990984713612,0.9826832227400627,0.04570530599248454,0.003376865318943626,0.04795352559535308,0.10748830275336901,0.008181613308128933,0.1170520386980856,3.9775200740803816,-0.27601626845553673,3.5191088297066497,0.04985930250515182,0.04689821978035687
2000,2,1600,6392f2c4345567a9836d9f3b8ce125830117efecf4acca781c6c0dee7dc2152b,6.229398878773122e-10,0.041199317818844304,0.09705911550564275,1.2571072924304123,1.3050346659855185,0.6786554676560829,0.46345015441105547,0.9560579981102901,0.0435390367440217,0.004394260740169345,0.04945224394804999,0.1026380758903449,0.011577914544094165,0.12108655000005422,4.185925773924268,-0.4274295126221675,3.4162967381065275,0.051148837804027056,0.04620806705886516
2000,3,1600,022adb8b9d213f8fba0a2f69d48cfad5285b7c022ed96a613f7ba7c75d415d02,6.346540302084985e-10,0.04213386706304747,0.0999791661324884,1.2584086465204276,1.3017172123230343,0.6623408323109982,0.46965972692992336,0.9676231493544902,0.04361140478459794,0.0037288003198022255,0.051544084901930735,0.10304722180734256,0.009117909262542223,0.12707654575351016,4.133949318133617,-0.2942765336337699,3.212837694173571,0.05083028943291107,0.04481097587487336
2000,4,1600,fcce3eb635cbc87ace3cb8850b27a85ca03a379744dd7d1da6cbda2276630597,6.187742200100879e-10,0.04202918353176232,0.10067753801284743,1.1652206564935583,1.2191551503502283,0.6733831380527213,0.4608888492764974,0.9554962076509074,0.04338463864710605,0.0027522977285548305,0.04761781771142462,0.10326835524695768,0.007102919121889011,0.12015072175883354,4.086447175973573,-0.24665236713921312,3.3133830571882954,0.05053740678926337,0.045506751265528556
2000,5,1600,58b07dbac6d1acaf7f8b0d649371d9827a7aa74a0956f4d3bdd12d50ce54622f,6.252808968301356e-10,0.040212656512779506,0.09628184837998023,1.2605625607368858,1.2904154148706297,0.6650206293742366,0.47596946264685036,0.9742531478052673,0.04252040875466318,0.004342200621885147,0.04838281702589846,0.10000485554718981,0.009499523660835039,0.12052057415455364,4.277046176208356,-0.29292908179868504,3.350560739823028,0.05170255177580912,0.045761342445227636
2000,6,1600,622cc47d8b0dba925c9dd5d04996429b43f48f81a77cb48ef56f5ac9630d0691,6.203704865917855e-10,0.04167071686701198,0.098457570594731,1.2315339434842054,1.2610091726125379,0.6629168286084811,0.47218962630777045,0.9694438600501956,0.04358647814408834,0.003848828226922408,0.049403140993968704,0.10172317697311925,0.008558997733558244,0.12089029325471402,4.233784130097142,-0.2710286980918297,3.397583316661654,0.051440403199340436,0.04608133649226695
2000,7,1600,09546442bd72e5da08a17030e587c1c68a6fb4b1e931492034e4f6fb1fb5e6a2,6.350876032172039e-10,0.0429762533738031,0.10154460454927855,1.2066303303862733,1.229047404414047,0.6533608360420808,0.48006948868093874,0.9808661039308797,0.04566786408638962,0.004081331438819172,0.049164840094609724,0.10649361830631505,0.009519140632908079,0.11985411889650514,4.054376078166053,-0.30808039554176825,3.445903639795106,0.05033870328935563,0.04640786328707605
2000,8,1600,1a327ca5e0479b44678a9f1654e87a0c3c499f26462e1298f4c9df2e7b538bab,6.299721131555819e-10,0.0420309609823921,0.10005971403469119,1.19456282162334,1.1952097133580764,0.6520269228017773,0.4743398023512955,0.973359416707122,0.04357398502901356,0.003199594734458586,0.04866559930004533,0.10275721883331393,0.006738903907793221,0.11689483733147159,4.1383090156488365,-0.20564014748811354,3.5714440079624064,0.05085708539407781,0.04724566122911716
2000,9,1600,7e55db208993739830e5473f42f34b2f098cb3cd8e1321cd3daaa880c09b1b06,6.087526698085497e-10,0.04186289594647354,0.09916838470498181,1.2253403690931606,1.250344399759035,0.6522323811901392,0.47682309330591216,0.9773210408616491,0.04384066466153743,0.0038399889511232304,0.049318527655296575,0.1030280940611487,0.008995818589852274,0.12013492509285664,4.1561943127944945,-0.2992674744673294,3.4387234124080823,0.05096686615338007,0.04635948805535984
2000,10,1600,d3a8f7f13c4ff33fe72a7c4dd83007b1519f61535e428b89ec3c06d5d45cff71,6.385435031379432e-10,0.04086065200705084,0.09838878197732827,1.2106168399870014,1.214447102940699,0.6646375162481186,0.46749310152355844,0.9641873728484489,0.044312341489626844,0.00421792332232578,0.0460149039300084,0.10477972677685017,0.00969533797373721,0.11309702643470847,4.065347265296442,-0.3252618335173185,3.6233522089669825,0.050406765823749054,0.047587762403840383
2000,11,1600,a47fb692e1b0a06f9b5fea0283a3fe98e4db3856f353f6ea58d2b7d758289408,6.330463259037201e-10,0.041753273404490615,0.10037467646155074,1.2520329194530828,1.2881539256926775,0.6747797737788747,0.46577576829729944,0.96015213166964,0.04334290439591285,0.003768431662497058,0.050686841805924934,0.10376683183214673,0.009306223881739423,0.12590587815348303,4.052859298076303,-0.29787170047362616,3.2193378785910984,0.05032928631818347,0.04485628355224535
2000,12,1600,d223eafda34356cd459b0754f737c13193bfead58d8529920fe13ff18421985d,6.478543245786703e-10,0.04326939113217812,0.10390613118864198,1.1650864759996655,1.1776087905224204,0.6660005521090128,0.4616167752267975,0.9547563926052072,0.044988164086780386,0.0030534150631148387,0.048693809478238315,0.10741081345077945,0.007238429368535789,0.11885609121478317,3.914926624946684,-0.23150661704807612,3.460595085158461,0.049465433795648425,0.046506686919453186
2000,13,1600,6008c73505ff9d5636b41bc961b0548d2891c7e75d6574e1916d8f6fe44eed97,6.21536124414764e-10,0.04231248116775406,0.10010629959145058,1.262237133318133,1.3059914095855032,0.6637962802028039,0.4719387594915321,0.9693732243776951,0.044766347531116434,0.004605041247461417,0.050954518569401024,0.10455996425964977,0.01079759451347813,0.12628430264362808,4.129329632166119,-0.3340939466716794,3.2220399175316556,0.05080188008434161,0.04487510388241218
2000,14,1600,886b47d87c948bb5a75ef34b0778eb93be69b8123f0cacdcec89eb7aae12a8eb,6.247602385038514e-10,0.04316849300983926,0.10217856860116416,1.1238155827202383,1.1342940668838752,0.6566346215935236,0.485851040381155,0.987926019760738,0.04556106532689407,0.002657768674609547,0.046120852809952234,0.1059201199101651,0.006110832127692331,0.11215899281798654,4.072991233264429,-0.2096728853405133,3.6770664737252687,0.05045413284152517,0.04793919634368408
2000,15,1600,7dbeee25d33f414c84844d4583e97678e9d8179a79406cde5532744c6d9525f3,6.144375080762631e-10,0.0434941260663532,0.10334931454919721,1.149997748768226,1.178280117717822,0.6579972096422082,0.4723323394149841,0.9700935650611708,0.04523449320729548,0.0028853620189740587,0.04827777992000533,0.1074970169176199,0.007695356519180011,0.11762674014466162,3.936501518087015,-0.2792297565385239,3.508961906288845,0.04960154683882736,0.04683055830790968
2000,16,1600,ab2cbc27aa3ddebdcfd84374f0314d513b90e52f57b6c5638e0ef1ca562e70ae,6.508369534057422e-10,0.04153907873791568,0.10037516996176878,1.2053518898506683,1.2338648107136927,0.6764814584383383,0.46566837341823636,0.9604421099725338,0.04322856079220624,0.003399580725350934,0.04837972500511183,0.10405307023620489,0.00853281256125809,0.12017148981079645,4.017232825017682,-0.2881114379530226,3.3707820736356044,0.05010758940156722,0.04589922435098716
2000,17,1600,7eac6172ac6124f36d10fe35dff7610b15c717527a01af74c4bbf8a97c18f8b7,6.176956028650844e-10,0.042949282624527865,0.10407652976599721,1.1764863289270773,1.180201570548695,0.6695506273218866,0.47206763673721475,0.9677548395480631,0.044663108150908196,0.0031707306876672847,0.048815418318601964,0.1070879561733342,0.006885482758424294,0.1198198574797509,3.905732048722931,-0.19585025289253316,3.409771943238684,0.04940731252002918,0.04616391950998287
2000,18,1600,9db81bfde2cee1425bdf8bfaf51ff50cd8950ea7e1f0341d0aa7213d912d7b82,6.01517654412971e-10,0.0424252351904504,0.09915009831051601,1.216998699989478,1.25921147713772,0.6564323940181374,0.4817377947431942,0.9827030616125957,0.044361821714881254,0.0037521028685912816,0.04969486954909513,0.10314006262161637,0.009307289234389636,0.12086097744083471,4.201752305946442,-0.329612853654578,3.427887779798856,0.05124544068711407,0.0462863896018504
2000,19,1600,70bc9de9eb85971471d0dc83484d7295b94f7457d206793f21e6c4bd9087cb72,6.30418654260568e-10,0.040937633853963526,0.09882543186939678,1.1882612607342677,1.1980450334243786,0.669706777241068,0.46424756916290477,0.9581703339478389,0.04419807169135348,0.0038075771215669795,0.04538416657739859,0.10433008854808028,0.008799731109619416,0.11289266114846665,4.084878995077347,-0.29533308551409465,3.5822299316257884,0.050527708951854745,0.04731694947126365
2000,20,1600,eee212a33d855183951f9abc653b68ae14de22448bbb7e1571ad7b0b56b80e36,6.168582919798685e-10,0.0404685223836598,0.09874443756884893,1.3225067294065176,1.3386843396814636,0.6772008833173022,0.4605340685187935,0.9531224883071977,0.0420848923122474,0.00429920824553532,0.05190352325294076,0.10215678880023116,0.010123032424552609,0.1287752809726898,4.061658950293785,-0.30250392815925586,3.1523703492444497,0.05038389468802125,0.04438728949009819
2000,21,1600,441e733f44b6fe177eeaa9089983f611b9237f234d32c0c35b00d606d88e0dea,6.316889561374093e-10,0.04308885191669313,0.10099410737070776,1.2039540399902313,1.238476170923738,0.6485928270298893,0.4838500072666008,0.9852670325787648,0.04492259093864931,0.0035710735639832305,0.05004325832168734,0.10354195282530672,0.007407600584220098,0.12253094992773608,4.203239925919284,-0.2109066202803888,3.3432819376648815,0.051254511544834305,0.04571160914954264
2000,22,1600,4b5b8cd6f25121980f75f7076fbca9a394446dc91b435591b81170e6cac09119,6.382201325681502e-10,0.04234586102615256,0.10140247323736253,1.2299364870396765,1.2537802615845797,0.6783393931225072,0.4588232111352876,0.9508349788868162,0.04465163193373806,0.004139370198473226,0.04977694864359094,0.1059507240642012,0.009816203768417416,0.12258816859402509,4.006277763464775,-0.30889469255950663,3.336092597867088,0.05003922063906955,0.0456624339437456
2000,23,1600,994ef8f5a59442df53cfd07d789bdafd31084549a9c1a28f01986f9b1f788b4e,6.344952185118923e-10,0.042027696001060655,0.09896801982801968,1.1322287638062547,1.1729678842092444,0.6637552110370396,0.4795334873022165,0.9777549855002954,0.04262537119127743,0.0017216930456307581,0.046987291098689196,0.09980964559197412,0.0037011969855227133,0.11524468305809629,4.282770372183176,-0.11903615218856994,3.5410719768482752,0.051737138330356904,0.04704434063232443
2000,24,1600,e6752d301051b7e99a2aa8f62f55380c05297b1dcafba9d99236a8ad37b4ae3a,6.223119376679907e-10,0.04095738166688908,0.09852857565933626,1.176729872335869,1.1942748011839799,0.6757885988071834,0.45708684588072623,0.9497526332963488,0.043811316840727275,0.0035373659596172917,0.045341839326251646,0.1045785776287876,0.008899680416926818,0.11162019313704319,4.035260075992979,-0.32845086364013076,3.665987439907763,0.050219891950258236,0.04786692124988144
2000,25,1600,e1150de99f860649ebb0604908a68bd8a38cef3f7d611fb933713e1806a8038d,6.165836583517214e-10,0.04081488572860966,0.0962056296797213,1.1895351486636605,1.204169169679801,0.6543036481245386,0.4839866593353729,0.9872933887585782,0.04355321625118546,0.0036993073680088016,0.04581241064029621,0.10171620166436764,0.008824595350716285,0.11033728122530606,4.239349098117836,-0.33588842260470386,3.789648313414091,0.051474199229552355,0.04866754766663106
2000,26,1600,2090f0764b0987320da25675402ae2ba7b9cd4e9ce9b78b8a203a33102d32a8a,6.066570736213993e-10,0.041636276184478536,0.09930753611541335,1.2296744852710872,1.2585590424734674,0.6666359823274732,0.46652111272022023,0.962106119189961,0.04447017577259156,0.004366806684579375,0.048365166897640456,0.10466425836319126,0.010433088791624438,0.11962767531603596,4.094426220469844,-0.34510392086022107,3.40868406622509,0.050586721457252515,0.046156554695846626
2000,27,1600,5a02f10f661612aa374eb52ebff27fa6fa8911cddcfdadf06c7f6d10ede606f5,6.209492181269129e-10,0.04049923614448673,0.09573689923125468,1.2408203387107326,1.2660472608114017,0.6599314226433458,0.47602961042573455,0.9750865424237779,0.04357929316233866,0.004533560117937044,0.047172218892476046,0.1014455484795008,0.010621379460163496,0.11549878978206106,4.274270719492281,-0.3762134637865499,3.5692033505751843,0.05168577366822205,0.04723083838033674
2000,28,1600,479bb456338e8a06af6da81ae28baa643d0578ce9e8bc0df694fdc4320b4e253,6.205161954402447e-10,0.04054714994174032,0.09619000349935027,1.2478083396839321,1.2525905620447075,0.651947153008395,0.4781822776902666,0.9785522665176904,0.04407415165689065,0.0047957581983882405,0.047068070132568106,0.10238567467708613,0.010589992554711054,0.11429101936859762,4.23904772764307,-0.3552901812716075,3.632761163714337,0.05147236957608342,0.047649509203363895
2000,29,1600,05a24e8277afae9fe9a389011fe40866ba450e49e8d7592135814722cb3a02f3,6.252611779702443e-10,0.041923959453658954,0.09864301162594259,1.1970924812389498,1.2425233356500955,0.6638511491934941,0.4743443497041204,0.9722826689351717,0.04362797277490548,0.003343116134449104,0.0484828433244952,0.10263505459706192,0.008919986767895866,0.11857420087291798,4.174354301508463,-0.3391771337129953,3.4757283187791685,0.05107809157009284,0.04660826320768647
2000,30,1600,76644c82eacb678950230a49798d2fd083a24a71cc97631c11f5b6c43ae9fa2f,6.127457099533504e-10,0.04148082091695783,0.0985085953063211,1.2303811608573465,1.2470827131158941,0.6562519927781639,0.4807727830114079,0.9813839212483525,0.04474409958452261,0.004531689258959293,0.04777394192555749,0.10601690931765642,0.011241702019291195,0.11534005228850726,4.025499080980015,-0.40264703858912587,3.631375278808859,0.05015911607686592,0.0476404192808537
2000,31,1600,30e858e80f1132864fb997fe337fb9b6cde2c191f7e927cd5c426f6edce99b0d,6.325934613882864e-10,0.04123215519218472,0.09727733852263505,1.2716222529144428,1.3022628859863687,0.6663523739686192,0.47109220900039495,0.9671229319636826,0.04343716297708434,0.004453434815880708,0.05022671829310424,0.1015663529027365,0.010378615365587153,0.12239165322545827,4.245829267969053,-0.3442732531520457,3.380838703946403,0.05151352533539767,0.045967642858498865
2000,32,1600,82d6989b7e07fd73e9f058c52f96598ca1bf0013f7c72353c02cbdb35681de18,6.305245900974046e-10,0.04264419884770968,0.10406630715770748,1.1931283102065007,1.206174090146744,0.6732493252276511,0.4558988328517469,0.9483509411858148,0.04541604510364063,0.0038916892794738224,0.048108154655346916,0.10881645321491364,0.008908096492713912,0.12077193729367326,3.8555243870638174,-0.25810500473763515,3.3153727948065996,0.049088723164438554,0.04552041296774585
2000,33,1600,f7b2a61ae6e09ffa38ad2b2d731b432bf5d7c70e198b63da35a82c12483bdbb4,6.124235446140527e-10,0.041067275270459065,0.09866093388917634,1.2298988399223043,1.2429223635701567,0.6699306315874642,0.4663574635274489,0.9615746940437174,0.04358395414717747,0.004174577270193653,0.04799191533718915,0.10263735095413447,0.00891575489652422,0.11865146407661592,4.157555210160802,-0.2654320695839235,3.4253750682084942,0.050975209723457746,0.04626942205852921
2000,34,1600,88cd23ebac6843cbf40288334ea4a753e97632cb274c4d516264efc9db9d709d,6.147926815554024e-10,0.04472593715644543,0.10457494636914941,1.1929751647753175,1.2358959537219958,0.6548131495197809,0.4768328770313018,0.9767551003921418,0.04655367221856363,0.0035262667077559486,0.05152919718682278,0.10868848840821874,0.009195376302505777,0.12513021103925717,3.969713816842561,-0.3109890973167287,3.315278128136912,0.049810351690452864,0.045519763071500824
2000,35,1600,5428be53133e40e8a5dacb5ae8c0dd1a863d7ae7ca886b8c32384a0d22b61d49,6.145601099984362e-10,0.04281449311494365,0.10178017214920557,1.2065852550387963,1.2607521340365402,0.666962842695039,0.4670980446602872,0.9627683160115356,0.043783233424163494,0.0027622270247504356,0.05069059578523121,0.10377629649309553,0.006999387416643171,0.12632344489582736,4.0819570260450355,-0.22973232931994483,3.189503863227167,0.0505096341431825,0.04464795532291461
2000,36,1600,d115d7ceaeb179ed6ccf80bdf853e61992f7de2eb96ae2a6caa469f1a3cde547,6.226028708694248e-10,0.03871046638678072,0.09371753658042388,1.3485225408713362,1.3627241344207848,0.6618805934219572,0.4725966167761021,0.9713789528506357,0.04283483764499543,0.00621557666271472,0.04807756523200127,0.10175613073447859,0.014444440363933669,0.11967255476255163,4.20241477675865,-0.47275467070095956,3.409915618475356,0.051249480343454765,0.046164892088546
2000,37,1600,e5b4636b3440717cfe5ea984dedbc87651219b4bf58661dfd238e3b03a89878d,6.194191085919471e-10,0.04213887230113559,0.0990293664798399,1.2343528587607657,1.2603700340359079,0.6593894738145215,0.47350934330122735,0.9714492736802828,0.04509302873306067,0.004521762196931581,0.049060081057936494,0.1052512935821769,0.01103247618164613,0.11859171889841315,4.112764330654204,-0.38602491109962206,3.524575365941855,0.050699878763749304,0.046934631176921586
2000,38,1600,c697f90c026cadfa9dbab8034f75bc569c62b1d90f4650acb3105a814fa2ac67,6.239529910588266e-10,0.042714383156632105,0.10058712033606712,1.2064376673347517,1.2693780240436339,0.6666111807665065,0.4727174667723714,0.969831963479586,0.043576249821733255,0.002618588053188728,0.0506703741120289,0.10201147948894146,0.006046947927446128,0.12625872090356177,4.198340266457387,-0.18613726074635056,3.186766216362569,0.05122462949144549,0.04462878986961898
2000,39,1600,172b6a4df078ee719fde17ae3f8eeb7acbbc0d7a218df45d17bdf397ee5c9e03,6.309514584981384e-10,0.04153685360254097,0.09941428756888195,1.189084370194034,1.2105117692347087,0.6729470352879976,0.46718745283298135,0.9630682115771115,0.042992916538580665,0.0030521721867581273,0.047934760469779514,0.1019673698705835,0.006849260148356296,0.11778908283051377,4.148785463686086,-0.21910904576564078,3.466393425574375,0.050921419017971245,0.04654563235131717
2000,40,1600,31d96663393ad9c178d2e69770d65127b304cc011982d39139dbd2bd47db8a80,6.512304431883721e-10,0.0417038758412048,0.10151420359919694,1.1348572585329708,1.1071378383047645,0.6644245444585087,0.4716169075535751,0.9710532276820595,0.045442123226694456,0.0026551219985018475,0.04358969882185943,0.10606376091265217,0.005364938927203503,0.10784065861658944,4.045914786944654,-0.1586304610492732,3.7539358443038817,0.050286148608144655,0.04843769093061648
2000,41,1600,0e2b4a3496d92a72a2e6f8a0756bb7361f46b48eb5684ee9c4a263f91b8526e9,6.192409690577577e-10,0.042641416665206426,0.10092570465614394,1.1979350764109378,1.2675089212378665,0.673001305562951,0.46474546073185247,0.9591124141559181,0.04358157544327956,0.0026554208212147302,0.05014148995303156,0.10282045148400848,0.006896760592447077,0.12602948420601592,4.13938636137068,-0.23337529685518316,3.169988681214033,0.050863704897074445,0.04451115507104675
2000,42,1600,ceaafd548d5ea203a03ce1a68b6ed3c3bf376b53e48225d728a2d8d5768bd0f6,6.153787621171185e-10,0.04203417745542448,0.10062526619197028,1.247300361482932,1.2870189857149295,0.6711726506130828,0.461834465967771,0.9545440791283738,0.044565068837064896,0.004461319872330763,0.04989835335314826,0.1042924363684778,0.009615858344009447,0.12583945785517675,4.119157375780742,-0.2650040530907497,3.167477892801297,0.050739268420651906,0.04449352405688732
2000,43,1600,4401fb66fda8487f6d683360dd0cfd917a1e4a9734c107e8f23a056ebb83635e,6.31995271779672e-10,0.0438178064434516,0.10330929956645638,1.0965079686360657,1.1367733724555917,0.666449871401771,0.4720344619853779,0.9684105194755566,0.045103060369106655,0.001945035311690664,0.04676132000774238,0.10568755703373052,0.005286641411307994,0.11506100340691143,4.049353558374059,-0.20282469732727648,3.5421689756885577,0.05030751409067821,0.04705162706862907
2000,44,1600,9d620d0d4477efbe920b33af97ce9c2066646edb2bfe62fab59b255152c38006,6.241724863672386e-10,0.04433381748298488,0.10630697360270099,1.1226361089531893,1.1500234290918283,0.6720878370267381,0.46691061192160094,0.961282425605884,0.045064168268919735,0.001854036553820368,0.049040393568204166,0.10691570950412067,0.0030557957190583043,0.121646774417533,3.942505349298423,-0.051168020216851184,3.314084769410153,0.049639357805188355,0.04551156974749768
2000,45,1600,1b44a586bbf3e0142913a9b684cab6afb296f8d4e1fa223dd4135547d25453f0,6.254364828838865e-10,0.041822473012273036,0.10011254751314104,1.241099016334549,1.2492976104774094,0.6601464600224398,0.47394970419785265,0.9728169766683519,0.045855468685771526,0.004939745081688085,0.04787283444271179,0.10900499727101134,0.011952426017563628,0.11617791662910289,3.9038942948396675,-0.4004703734602931,3.5879238860617013,0.049395687405630787,0.047354539685109005
2000,46,1600,3b268dce9d46bd3685b9b6902630592d7dea0af1765f90096e47d4d7ebc870e7,6.117507450069708e-10,0.04135686366940933,0.09819176417693984,1.275433527420122,1.3117454992040107,0.6550408689618084,0.4811303798627283,0.9842412466536845,0.04290548974398231,0.003904133759516725,0.051199304438334856,0.10124322418636704,0.009170406074807829,0.12575114470857515,4.212299280405112,-0.2937070690168446,3.258162484467615,0.05130971691846677,0.04512595209845726
2000,47,1600,fc646f1793f3d7e11f2a1ddd61e3c24375d518792e1828f12d8981a037868655,6.29447046456182e-10,0.04202996191008182,0.10259103986599805,1.2113509954750896,1.2202770240743335,0.6755399518638692,0.4619663549807218,0.9545822189670156,0.04454108836448977,0.004000095845695025,0.048401909745149754,0.10645803538731516,0.008510842881222547,0.12132249330305428,3.9457335394392037,-0.22971466901600246,3.3011755567505907,0.049659676420104694,0.04542284362486698
2000,48,1600,f30ae26b2e22318bb9ffb544fe2db7bca4e9ad0d4a3acb2d074d17946ed60854,6.374890161606662e-10,0.04229122682317941,0.10067162559145047,1.1827479938928245,1.2239146403729684,0.6779829827674473,0.46074911878479746,0.9534575992632374,0.0441791867044331,0.00332068725078186,0.04813190380312813,0.10357977714004579,0.007556306835959076,0.12030532488292695,4.134443286755459,-0.23569387103778663,3.3388460262228703,0.05083332621639235,0.04568127369491019
2000,49,1600,1a1406f9054513f79261aea35e675c3a3dd59914fd4ee4cca86e4323d7017d2f,6.116189661911312e-10,0.04058559547926104,0.09677866419934017,1.2062274151127796,1.2116578962052993,0.6554676193613137,0.4788773486214815,0.9773375344269121,0.043163268680692035,0.003863983824323484,0.04637778472433098,0.10213984217362243,0.009004219637058627,0.11190145468704939,4.165429559555352,-0.3235276964862644,3.7288190580283933,0.0510234600426323,0.048275375827307086
2000,50,1600,03adeb1f5a3507653c4077bc651baab1e93d264ae1cc0e302890958bcb0c613d,6.189173547173788e-10,0.04272040823431817,0.1022383924527908,1.1936645044033134,1.2030470505710138,0.6615871982306539,0.4728795965933297,0.9707933133477198,0.04685376250732138,0.004136711980495663,0.04686048064992142,0.11054743023931488,0.01017098332860439,0.1146885587089277,3.866921153630322,-0.3444462001436329,3.5932767479693744,0.04916122172016223,0.047389850891101766
2000,51,1600,1d592cc0a46935c55a9f3320adfa38f524ea0000532b5de94dbf9e907801e995,6.136432947673351e-10,0.04202285952590735,0.1004819395758857,1.2523891393917037,1.2647239245880713,0.6670676182468679,0.4644821230845099,0.9583682833449447,0.04468073059767299,0.0045962379425016475,0.04997110180466392,0.10586142424522649,0.010684348074368286,0.1217024283012949,4.020269327599104,-0.33655670013765304,3.401916622852518,0.05012652321625189,0.04611071338943721
2000,52,1600,f6e04d712af2ea1a4f6f2fc2b7a16d5a0a78c0b163ca307a6b4f383b94f464f9,6.313424931318134e-10,0.04323927183016093,0.10042091860862906,1.166595709584418,1.2206686592680223,0.6539598955176763,0.47486692760560045,0.975498627729014,0.04465254138854769,0.0028606160451391987,0.04902947944423339,0.1036373450992902,0.007805754662925266,0.11936424158979725,4.183114586187246,-0.30163092273182596,3.4627523026896063,0.05113165962852202,0.04652118000632619
2000,53,1600,2340571865d93ea222e4a033c4a5fb38bb49a7b72ed3771e502efe428ad96f4b,6.191583803116368e-10,0.041509921667049775,0.10166479266257653,1.2304418742082253,1.2294718982634938,0.667642093396239,0.4656865733690757,0.9616448705196469,0.04574048596372937,0.004750822426088422,0.046844981517561744,0.11148041781000152,0.011517131255382977,0.11517838047399746,3.7181351517081196,-0.3665487714183824,3.567318880095633,0.048206166304919695,0.04721836824859337
2000,54,1600,437980ecfdfc794d3735bd1a52a06d2e94bb64b3105764cf2b2a6847db113059,6.2698340862758e-10,0.04090362324106679,0.09707812495794031,1.2541652056123125,1.2546913336417496,0.656142985106603,0.4783483383156216,0.9784667895922994,0.043944714864670775,0.00472946033978669,0.048258809428817113,0.10236547212444856,0.010137721236755371,0.11651573490441028,4.222501477793942,-0.3225160277722666,3.5788937837266075,0.05137181545965855,0.04729491108807722
2000,55,1600,80157cb286e9ce9257dc2931b1c467445f571288497a17199cfacdb26a257024,6.311463622285957e-10,0.0414268293101503,0.09902717140501316,1.2342001163490008,1.2544801047481122,0.6725727716591495,0.4682185308825366,0.9631955455778157,0.04594956406630254,0.004839959075706171,0.04660626279840549,0.10832532349616318,0.012159849407732085,0.11492946426592016,3.9666520574181705,-0.42708873340827613,3.574400815713713,0.04979113913023438,0.04726521458558155
2000,56,1600,37e3d28126b0c11631954afd34de2ac04fa7261c616aa6cfa8b4bab91a2db246,6.28411395192982e-10,0.04297496415674053,0.10145981268721245,1.2012104274382622,1.2493671690249426,0.6718788263445071,0.468985830292503,0.9646304870315353,0.04426222787917973,0.0030779758863847422,0.05033471134142308,0.10424233474111302,0.007915646244436868,0.12397803689292307,4.095616390177519,-0.2720487949143847,3.2927928740251597,0.05059407320883494,0.04536513580124857
2000,57,1600,ea5ca74a67c9fbb221c0e1006aa95be078ff67cf7afce7b6518ef34d0391f99c,6.18470731887024e-10,0.042318604315396156,0.10052134425230973,1.170732814255227,1.2060708103957483,0.6702447369823153,0.4705963248017245,0.9659066999566712,0.04333598334033133,0.0025131018315972388,0.04852639970058197,0.10236432868361992,0.0058974517206546095,0.11939287469314305,4.14689691401438,-0.19530872640080596,3.4134251549921744,0.0509098278455053,0.04618864278012625
2000,58,1600,9baded3b7349e80ec130d162335a250ba7e95df1aae76a8be339162e35ba5dca,6.106331227516588e-10,0.041908727816593626,0.09881695202018483,1.202156282983439,1.2555311874637576,0.6570400533843922,0.47885685571826625,0.9804890536491017,0.04191201455780216,0.00016683776272002437,0.05037755371535229,0.09882127473760191,0.00033035351316333824,0.12406344239403472,4.291803791792625,-0.00876144571756091,3.2730419633900367,0.05179167278501816,0.04522887603200828
2000,59,1600,62fa8bb777aba80004fa0bbb7d076c3138892dd582c8169a8a905b806a158ee6,6.360631938545111e-10,0.042919913196528284,0.10171835291837394,1.1215380036259182,1.1895121241716997,0.6704755601071792,0.47345907970386025,0.9708355342636024,0.044528679826615764,0.0024091162465083764,0.04652754713214455,0.10561197713983907,0.007739285743979564,0.11710158982571654,4.020733327201211,-0.31983768695030806,3.4177196606483533,0.05012941581048753,0.046217689123378085
2000,60,1600,1191c14b6aca4bbc35ea2f31df694a4bdfb881343dc4320f872f535464565df9,6.365341345593492e-10,0.04167893084876364,0.09912325513413078,1.1491478715324888,1.1977909819881416,0.672588999910527,0.46422267056656097,0.9588911221161279,0.04305312083508649,0.0025795371352153647,0.04652106468628366,0.10136241712119634,0.006235900925442282,0.11648977911790609,4.204094650642572,-0.21747455769010895,3.439498107791387,0.051259722557302316,0.04636470982729879
2000,61,1600,c55445b385a9a810f283a4e8a848032be9d676e2b9edfd811b5e5c66f011b7d5,6.215102907293306e-10,0.04228887640548294,0.10048901637318164,1.276422546553247,1.3046798065733138,0.6612609656816677,0.4682496279673153,0.9662884032852338,0.04471042093990652,0.004737405029165256,0.05155693077793847,0.10528725408387674,0.01113033846960918,0.12630775273381012,4.069533531985199,-0.34387258137392496,3.260673847134137,0.05043271217662946,0.045143340089750066
2000,62,1600,6278425cfeee190ffe9cf84d845c66d40ee1b77f69dd847f747b3af06d65ae2a,6.202224784933832e-10,0.04256758711451828,0.1007367017046302,1.2177634734413922,1.2602156448974065,0.6730483092316842,0.46749804499443554,0.96209455986755,0.044555192877429206,0.0038044531998554392,0.0498496469776839,0.1044141230643358,0.009103504583385755,0.12327254614383261,4.112955370463077,-0.29410807530479033,3.3014277328278525,0.05070105626650615,0.04542457851227029
2000,63,1600,cac0a6db0bbd7d69abd5c06f6b004af2b4a17c334883d451c0c7cc646e0516d7,6.05200668752857e-10,0.042040936860336574,0.09829705706787074,1.1087557929009415,1.1816459715535368,0.6776803046061635,0.463982496495216,0.9570786957423405,0.042624218263601875,0.0015253390989120074,0.04602985087961559,0.09925892785378983,0.004031037313539204,0.11519045071389844,4.3335005753791345,-0.15913344597205456,3.4748491965448385,0.052042654232965085,0.046602368478871586
2000,64,1600,5f4e46de25557aa6af0005f164855332ec537b6ab7dd0496afd2d960c41cbc5c,6.511877962925146e-10,0.043121293741684406,0.10405911363869737,1.1551998099597314,1.1767728228294814,0.669613591414128,0.4630978475143203,0.9583577931439899,0.045048116067385104,0.0030302563309479434,0.047886888009910866,0.10681343078436475,0.0065634529140533296,0.1196996197520763,3.9585572390188273,-0.18531492748671807,3.350610259724599,0.04974030834631775,0.045761680610832835
2000,65,1600,b072ea6081c6a32666cb12d62baca80b640a77175cfce10f5b9010dfea02dfb2,6.158040086810185e-10,0.042864118219476624,0.10317158891893756,1.1275202440667975,1.1629737181229134,0.6769582066974393,0.4596551467417976,0.9539768071290935,0.044142268313892424,0.0023136022732625156,0.04705201094211657,0.10520565155573629,0.005483050431621168,0.11795178373290688,3.9972935566037098,-0.17560838569818576,3.389654154596492,0.04998308186654079,0.046027533570926954
2000,66,1600,deb2f959a33e2dee5d4af9f010a6924de2d4740e54fd02504afb487282606b59,6.290662381171251e-10,0.03972411588177505,0.09600464587482123,1.2408167867531963,1.2549092344350365,0.6686933904833183,0.4694536045146512,0.967250854798617,0.04280450692982974,0.004469779904366842,0.04620995877698103,0.10156737552797218,0.010256206789633905,0.11491438700382775,4.182752956053542,-0.34344300432141095,3.5273316262049694,0.05112944941551262,0.046952979313118204
2000,67,1600,d9a4f91dc40cf104c7602642720111944e2ec684e9bc2c19cfe6cf1815ff6e10,6.141513612356264e-10,0.04359810962878461,0.10588016766516976,1.1355808544851635,1.1402463759108885,0.6593962530629497,0.46795437845283566,0.9646047304939387,0.04548140314680246,0.0027541756256701955,0.0476258850681752,0.10918497005700513,0.006176756080778865,0.11742467506921166,3.824596675203186,-0.18170437055813143,3.4625493301749892,0.04889144017107689,0.04651981654477335
2000,68,1600,b0690c0ebf4de51e4137e30b7589fae6f6dee1dfd3e7177ad69ec1513adfb563,6.323524774583438e-10,0.0398029174926432,0.09670755145042854,1.3230648994974434,1.3138357507108809,0.6748602417118991,0.4638337861040448,0.9581997643096234,0.04411409364831708,0.006070490369655479,0.04835066687643514,0.1049388067479807,0.01349323522919529,0.1188265831617328,4.0549147010027475,-0.4132428458286029,3.46589176955331,0.05034204692031023,0.046542264190419645
2000,69,1600,247861e0915b63de7e06e5916643405efb287ecf2f31d913cc25b789609f0798,6.225947552043925e-10,0.04199638025296924,0.10006146903308,1.2224664200007043,1.246379169500077,0.6630032730631243,0.4679341227411447,0.965594817822161,0.045043595674285876,0.004379949175491469,0.04829194919951895,0.10617667849809674,0.010647199118896424,0.1185993212073912,4.0325788316570526,-0.3584519867504583,3.4651480175417237,0.0502032047760465,0.04653727012796923
2000,70,1600,796c887dad50b93ca49c38bf745e7866b3ca55afd3dc784c9b80bf522d05eaf6,6.363348203345574e-10,0.0393220278402974,0.09358928851909795,1.2581164339980846,1.2786940565731932,0.6573285649761944,0.48813354546244897,0.9900389983707791,0.040916950825328015,0.003693798756546217,0.047876766458977746,0.09635662158296937,0.008032534031612746,0.11690473392441295,4.427215129147825,-0.2681067067478293,3.5191072305800617,0.052602371198619845,0.04689820912479003
