omega_11,omega_12,omega_22,batch
0.17683554924724548,0.012484239525084411,0.19164305940369997,1
0.17661358032179697,0.012954221826020743,0.19046342118745629,2
0.17741592863617653,0.01258106161278735,0.19068022678785485,3
0.17641958100596528,0.01393685938502633,0.19086931861921838,4
0.17688686969435785,0.014010907589929464,0.19182752862254648,5
0.17721937869477494,0.013559028615868574,0.19010812313526676,6
0.17671662110740502,0.013253285598136799,0.1908188493851895,7
0.17755872879555637,0.013763877146313098,0.19176470263274914,8
0.17628020622114976,0.013047570065047542,0.19032293030002714,9
0.1770191243820409,0.012182511446401572,0.19103532611137297,10
0.17673612880636794,0.014200565749970388,0.19193213908801821,11
0.17669450353056573,0.014250720250318354,0.1911513259649876,12
0.17737037398348068,0.013696440845194932,0.19149741133168915,13
0.1764487170027933,0.013144562611644295,0.19108683780393021,14
0.17658245682136461,0.012895369207884437,0.18944583759660069,15
0.17697526124349941,0.013088459348217039,0.19058500131276765,16
0.1757220007259718,0.013898465245324733,0.18971711301687127,17
0.17656961254820142,0.013201136727882408,0.19095018659630511,18
0.17649374952231522,0.013714890311781453,0.1915628252729317,19
0.17695028578039051,0.014078518458810129,0.19127083249876364,20
0.17721676823148755,0.013987251271588272,0.19040410213761158,21
0.17672786781993347,0.014388016572561932,0.19094497700133783,22
0.17627675200464757,0.01329508116972395,0.18993493178266468,23
0.1754458285143457,0.013328171040763528,0.18954255413154714,24
0.17658770010226582,0.013810051195404615,0.190629743654712,25
0.17681838289085774,0.01376833958252908,0.19087611349712164,26
0.17669816518424331,0.013627970228092187,0.19010141985494317,27
0.17659432538428391,0.013938993071862461,0.18974006149678341,28
0.17653733998994536,0.012120777984509345,0.19047432467648984,29
0.17682085939467473,0.014772106242215411,0.19119726304061602,30
0.17574779455052186,0.013450639339129806,0.19083168380647519,31
0.17634878724159742,0.012860107312058621,0.19015424240439446,32
0.17691776137357357,0.01279213742897284,0.19002978478311888,33
0.17651189141557755,0.013520869381361449,0.19022250037751001,34
0.17497291158534353,0.013134125555576756,0.19064247477862642,35
0.1761646063007514,0.01257533216505175,0.19067448355467151,36
0.17646914047349882,0.011921654538769269,0.191484062641466,37
0.17697770012499267,0.012831938448048965,0.19103977714569972,38
0.17631679856020344,0.012590716004987021,0.19105302323080917,39
0.176150159113595,0.012743654402411337,0.19028499965246487,40
0.1771245059325198,0.013442839421600008,0.19225124032063998,41
0.17689846677406848,0.013578266224806958,0.19013053137082131,42
0.17717255314959501,0.012984729423668519,0.18979909818997234,43
0.17535636744882332,0.013139115899366945,0.1906293722172594,44
0.17681104988499083,0.01273495715500053,0.19077619374346555,45
0.17570121348122783,0.01232835860115687,0.19092004268795487,46
0.17590045438684909,0.012231451572017519,0.19027672083991937,47
0.17683659724366094,0.01354313019533635,0.1913698121302066,48
0.17611919112883828,0.015238013736661641,0.19073011339763751,49
0.17670948630204858,0.014710588420417642,0.19084918335779483,50
0.17739410977563366,0.013034942212579802,0.19026658228166582,51
0.17705348664827469,0.012944962604875172,0.19110136316277443,52
0.17630646455691515,0.013667139867341062,0.19063732603169764,53
0.17589622509261524,0.013301809764891192,0.19037724553253854,54
0.17761029133400438,0.01203666637742346,0.19033515945010901,55
0.17665522289916702,0.01313063414698528,0.18981075247020338,56
0.17576193911608193,0.013064822894799884,0.19091118229038609,57
0.17686521295009239,0.013216065691074946,0.19099260789943784,58
0.17669020365964119,0.014245098735341398,0.19016444877941882,59
0.17697826719368026,0.013677791235885434,0.19041084007072895,60
0.17616811683348602,0.01276805160798619,0.19109374362494713,61
0.17747727619125725,0.013127928510075619,0.19042391464554467,62
0.17591975856202374,0.013406816935169779,0.18998206726313493,63
0.17656716010049914,0.013343289652818047,0.18980555246578223,64
0.17611442826900184,0.013442740928859326,0.19095493782664194,65
0.17727779351822759,0.013080654798085539,0.19105853278755741,66
0.17591778773779307,0.013971242124494567,0.1906298542925349,67
0.17629584114382019,0.012839984150741102,0.19068712345547498,68
0.17676581581008249,0.012601805249212037,0.19103228441831244,69
0.17603790354811075,0.013090247958836917,0.1918231585100981,70
0.17670996787656867,0.014939029858801738,0.19183341932659503,71
0.17654624565685867,0.014134697840269359,0.19201701271867461,72
0.17573198923586614,0.012812113783895305,0.18951790735243954,73
0.17692326312600259,0.012063137796441678,0.19022922488736244,74
0.17770853397832118,0.014105501702157689,0.19077382187511427,75
0.17619316140299837,0.014406943312545804,0.18929569217716027,76
0.17612271959416939,0.012641742033754517,0.19050024179352368,77
0.17619874637254943,0.01189236536576678,0.19021426512448164,78
0.17588550979270945,0.013378522225684569,0.19036343155953392,79
0.17668477453780834,0.01464215694843567,0.19332784374027437,80
0.17670975134649453,0.013321107020650232,0.19179090823516007,81
0.17587955312234363,0.012017599387907411,0.19105239971265611,82
0.17737513861168222,0.0132385348540024,0.19058529910773042,83
0.17686631981985917,0.014086605691278051,0.1909983512318888,84
0.17693105007730642,0.013031219656078884,0.19142909125631422,85
0.1754504780928314,0.012783503770237419,0.19048887345857268,86
0.17613998390090321,0.013199066605086171,0.19084441117886203,87
0.17654020733862519,0.013387297771593126,0.19084554379736884,88
0.17670901434804812,0.012739721689355601,0.19057625911870121,89
0.17668649939399114,0.01317468079267072,0.19017115306470259,90
0.17749512895596864,0.013487290432183269,0.19005882829868925,91
0.17589406492561405,0.012729529865569638,0.18992085049775798,92
0.17700354402853397,0.012537459345950217,0.19104098455431592,93
0.17632102620172663,0.012622877648417239,0.19033958341686313,94
0.17693498953123099,0.014196550142875982,0.19071366706591386,95
0.17656308315893696,0.013739234185680136,0.1922987174061038,96
0.17740685767215084,0.014177698013075906,0.1903224464157629,97
0.17655157145551095,0.012179979798724951,0.19044476395090421,98
0.1765979016413658,0.01278901666143646,0.19079034338632606,99
0.17659002404683546,0.012906518486077571,0.19080166983656632,100
